timestamp,tag_name,value
2026-04-01T00:00:00+00:00,WHP.PSIG,624.09
2026-04-01T01:00:00+00:00,WHP.PSIG,624.66
2026-04-01T02:00:00+00:00,WHP.PSIG,631.51
2026-04-01T03:00:00+00:00,WHP.PSIG,635.05
2026-04-01T04:00:00+00:00,WHP.PSIG,632.94
2026-04-01T05:00:00+00:00,WHP.PSIG,646.94
2026-04-01T06:00:00+00:00,WHP.PSIG,645.14
2026-04-01T07:00:00+00:00,WHP.PSIG,657.03
2026-04-01T08:00:00+00:00,WHP.PSIG,658.16
2026-04-01T09:00:00+00:00,WHP.PSIG,665.4
2026-04-01T10:00:00+00:00,WHP.PSIG,667.86
2026-04-01T11:00:00+00:00,WHP.PSIG,672.95
2026-04-01T12:00:00+00:00,WHP.PSIG,674.53
2026-04-01T13:00:00+00:00,WHP.PSIG,668.55
2026-04-01T14:00:00+00:00,WHP.PSIG,672.53
2026-04-01T15:00:00+00:00,WHP.PSIG,663.22
2026-04-01T16:00:00+00:00,WHP.PSIG,661.96
2026-04-01T17:00:00+00:00,WHP.PSIG,661.18
2026-04-01T18:00:00+00:00,WHP.PSIG,653.02
2026-04-01T19:00:00+00:00,WHP.PSIG,651.51
2026-04-01T20:00:00+00:00,WHP.PSIG,634.92
2026-04-01T21:00:00+00:00,WHP.PSIG,632.65
2026-04-01T22:00:00+00:00,WHP.PSIG,634.92
2026-04-01T23:00:00+00:00,WHP.PSIG,617.13
2026-04-02T00:00:00+00:00,WHP.PSIG,627.04
2026-04-02T01:00:00+00:00,WHP.PSIG,620.38
2026-04-02T02:00:00+00:00,WHP.PSIG,631.68
2026-04-02T03:00:00+00:00,WHP.PSIG,626.56
2026-04-02T04:00:00+00:00,WHP.PSIG,637.32
2026-04-02T05:00:00+00:00,WHP.PSIG,644.22
2026-04-02T06:00:00+00:00,WHP.PSIG,653.21
2026-04-02T07:00:00+00:00,WHP.PSIG,660.96
2026-04-02T08:00:00+00:00,WHP.PSIG,658.5
2026-04-02T09:00:00+00:00,WHP.PSIG,661.16
2026-04-02T10:00:00+00:00,WHP.PSIG,670.68
2026-04-02T11:00:00+00:00,WHP.PSIG,670.95
2026-04-02T12:00:00+00:00,WHP.PSIG,675.72
2026-04-02T13:00:00+00:00,WHP.PSIG,679.69
2026-04-02T14:00:00+00:00,WHP.PSIG,673.79
2026-04-02T15:00:00+00:00,WHP.PSIG,668.24
2026-04-02T16:00:00+00:00,WHP.PSIG,659.81
2026-04-02T17:00:00+00:00,WHP.PSIG,658.14
2026-04-02T18:00:00+00:00,WHP.PSIG,653.14
2026-04-02T19:00:00+00:00,WHP.PSIG,637.16
2026-04-02T20:00:00+00:00,WHP.PSIG,641.63
2026-04-02T21:00:00+00:00,WHP.PSIG,631.91
2026-04-02T22:00:00+00:00,WHP.PSIG,623.9
2026-04-02T23:00:00+00:00,WHP.PSIG,617.99
2026-04-03T00:00:00+00:00,WHP.PSIG,627.9
2026-04-03T01:00:00+00:00,WHP.PSIG,626.8
2026-04-03T02:00:00+00:00,WHP.PSIG,628.88
2026-04-03T03:00:00+00:00,WHP.PSIG,628.67
2026-04-03T04:00:00+00:00,WHP.PSIG,636.71
2026-04-03T05:00:00+00:00,WHP.PSIG,641.55
2026-04-03T06:00:00+00:00,WHP.PSIG,655.57
2026-04-03T07:00:00+00:00,WHP.PSIG,655.53
2026-04-03T08:00:00+00:00,WHP.PSIG,666.75
2026-04-03T09:00:00+00:00,WHP.PSIG,667.35
2026-04-03T10:00:00+00:00,WHP.PSIG,671.02
2026-04-03T11:00:00+00:00,WHP.PSIG,672.54
2026-04-03T12:00:00+00:00,WHP.PSIG,673.71
2026-04-03T13:00:00+00:00,WHP.PSIG,680.25
2026-04-03T14:00:00+00:00,WHP.PSIG,674.92
2026-04-03T15:00:00+00:00,WHP.PSIG,668.5
2026-04-03T16:00:00+00:00,WHP.PSIG,664.43
2026-04-03T17:00:00+00:00,WHP.PSIG,657.75
2026-04-03T18:00:00+00:00,WHP.PSIG,650.6
2026-04-03T19:00:00+00:00,WHP.PSIG,646.67
2026-04-03T20:00:00+00:00,WHP.PSIG,636.86
2026-04-03T21:00:00+00:00,WHP.PSIG,636.53
2026-04-03T22:00:00+00:00,WHP.PSIG,626.62
2026-04-03T23:00:00+00:00,WHP.PSIG,631.02
2026-04-04T00:00:00+00:00,WHP.PSIG,628.58
2026-04-04T01:00:00+00:00,WHP.PSIG,618.6
2026-04-04T02:00:00+00:00,WHP.PSIG,623.44
2026-04-04T03:00:00+00:00,WHP.PSIG,638.87
2026-04-04T04:00:00+00:00,WHP.PSIG,641.52
2026-04-04T05:00:00+00:00,WHP.PSIG,639.53
2026-04-04T06:00:00+00:00,WHP.PSIG,654.06
2026-04-04T07:00:00+00:00,WHP.PSIG,657.76
2026-04-04T08:00:00+00:00,WHP.PSIG,661.74
2026-04-04T09:00:00+00:00,WHP.PSIG,666.59
2026-04-04T10:00:00+00:00,WHP.PSIG,672.7
2026-04-04T11:00:00+00:00,WHP.PSIG,669.27
2026-04-04T12:00:00+00:00,WHP.PSIG,673.27
2026-04-04T13:00:00+00:00,WHP.PSIG,673.45
2026-04-04T14:00:00+00:00,WHP.PSIG,671.4
2026-04-04T15:00:00+00:00,WHP.PSIG,665.92
2026-04-04T16:00:00+00:00,WHP.PSIG,656.56
2026-04-04T17:00:00+00:00,WHP.PSIG,654.73
2026-04-04T18:00:00+00:00,WHP.PSIG,650.65
2026-04-04T19:00:00+00:00,WHP.PSIG,641.37
2026-04-04T20:00:00+00:00,WHP.PSIG,637.95
2026-04-04T21:00:00+00:00,WHP.PSIG,626.83
2026-04-04T22:00:00+00:00,WHP.PSIG,626.19
2026-04-04T23:00:00+00:00,WHP.PSIG,624.29
2026-04-05T00:00:00+00:00,WHP.PSIG,624.24
2026-04-05T01:00:00+00:00,WHP.PSIG,627.5
2026-04-05T02:00:00+00:00,WHP.PSIG,632.32
2026-04-05T03:00:00+00:00,WHP.PSIG,634.65
2026-04-05T04:00:00+00:00,WHP.PSIG,634.33
2026-04-05T05:00:00+00:00,WHP.PSIG,647.16
2026-04-05T06:00:00+00:00,WHP.PSIG,652.54
2026-04-05T07:00:00+00:00,WHP.PSIG,653.07
2026-04-05T08:00:00+00:00,WHP.PSIG,665.23
2026-04-05T09:00:00+00:00,WHP.PSIG,666.59
2026-04-05T10:00:00+00:00,WHP.PSIG,673.78
2026-04-05T11:00:00+00:00,WHP.PSIG,671.99
2026-04-05T12:00:00+00:00,WHP.PSIG,680.85
2026-04-05T13:00:00+00:00,WHP.PSIG,676.16
2026-04-05T14:00:00+00:00,WHP.PSIG,674.73
2026-04-05T15:00:00+00:00,WHP.PSIG,668.55
2026-04-05T16:00:00+00:00,WHP.PSIG,662.81
2026-04-05T17:00:00+00:00,WHP.PSIG,654.96
2026-04-05T18:00:00+00:00,WHP.PSIG,651.17
2026-04-05T19:00:00+00:00,WHP.PSIG,636.09
2026-04-05T20:00:00+00:00,WHP.PSIG,640.85
2026-04-05T21:00:00+00:00,WHP.PSIG,629.25
2026-04-05T22:00:00+00:00,WHP.PSIG,632.16
2026-04-05T23:00:00+00:00,WHP.PSIG,633.33
2026-04-06T00:00:00+00:00,WHP.PSIG,624.84
2026-04-06T01:00:00+00:00,WHP.PSIG,628.13
2026-04-06T02:00:00+00:00,WHP.PSIG,627.84
2026-04-06T03:00:00+00:00,WHP.PSIG,637.86
2026-04-06T04:00:00+00:00,WHP.PSIG,632.92
2026-04-06T05:00:00+00:00,WHP.PSIG,646.2
2026-04-06T06:00:00+00:00,WHP.PSIG,651.78
2026-04-06T07:00:00+00:00,WHP.PSIG,660.41
2026-04-06T08:00:00+00:00,WHP.PSIG,658.79
2026-04-06T09:00:00+00:00,WHP.PSIG,667.41
2026-04-06T10:00:00+00:00,WHP.PSIG,667.16
2026-04-06T11:00:00+00:00,WHP.PSIG,672.43
2026-04-06T12:00:00+00:00,WHP.PSIG,673.62
2026-04-06T13:00:00+00:00,WHP.PSIG,671.61
2026-04-06T14:00:00+00:00,WHP.PSIG,672.19
2026-04-06T15:00:00+00:00,WHP.PSIG,669.88
2026-04-06T16:00:00+00:00,WHP.PSIG,662.35
2026-04-06T17:00:00+00:00,WHP.PSIG,655.99
2026-04-06T18:00:00+00:00,WHP.PSIG,648.08
2026-04-06T19:00:00+00:00,WHP.PSIG,638.31
2026-04-06T20:00:00+00:00,WHP.PSIG,632.82
2026-04-06T21:00:00+00:00,WHP.PSIG,625.53
2026-04-06T22:00:00+00:00,WHP.PSIG,629.48
2026-04-06T23:00:00+00:00,WHP.PSIG,628.08
2026-04-07T00:00:00+00:00,WHP.PSIG,623.41
2026-04-07T01:00:00+00:00,WHP.PSIG,624.66
2026-04-07T02:00:00+00:00,WHP.PSIG,630.34
2026-04-07T03:00:00+00:00,WHP.PSIG,629.0
2026-04-07T04:00:00+00:00,WHP.PSIG,634.85
2026-04-07T05:00:00+00:00,WHP.PSIG,631.9
2026-04-07T06:00:00+00:00,WHP.PSIG,650.0
2026-04-07T07:00:00+00:00,WHP.PSIG,647.71
2026-04-07T08:00:00+00:00,WHP.PSIG,668.94
2026-04-07T09:00:00+00:00,WHP.PSIG,671.59
2026-04-07T10:00:00+00:00,WHP.PSIG,670.22
2026-04-07T11:00:00+00:00,WHP.PSIG,676.47
2026-04-07T12:00:00+00:00,WHP.PSIG,674.4
2026-04-07T13:00:00+00:00,WHP.PSIG,670.78
2026-04-07T14:00:00+00:00,WHP.PSIG,679.75
2026-04-07T15:00:00+00:00,WHP.PSIG,665.13
2026-04-07T16:00:00+00:00,WHP.PSIG,660.45
2026-04-07T17:00:00+00:00,WHP.PSIG,659.68
2026-04-07T18:00:00+00:00,WHP.PSIG,652.41
2026-04-07T19:00:00+00:00,WHP.PSIG,644.68
2026-04-07T20:00:00+00:00,WHP.PSIG,633.14
2026-04-07T21:00:00+00:00,WHP.PSIG,632.74
2026-04-07T22:00:00+00:00,WHP.PSIG,624.76
2026-04-07T23:00:00+00:00,WHP.PSIG,624.0
2026-04-08T00:00:00+00:00,WHP.PSIG,621.92
2026-04-08T01:00:00+00:00,WHP.PSIG,627.38
2026-04-08T02:00:00+00:00,WHP.PSIG,625.96
2026-04-08T03:00:00+00:00,WHP.PSIG,625.59
2026-04-08T04:00:00+00:00,WHP.PSIG,638.52
2026-04-08T05:00:00+00:00,WHP.PSIG,645.12
2026-04-08T06:00:00+00:00,WHP.PSIG,647.46
2026-04-08T07:00:00+00:00,WHP.PSIG,659.0
2026-04-08T08:00:00+00:00,WHP.PSIG,665.83
2026-04-08T09:00:00+00:00,WHP.PSIG,665.68
2026-04-08T10:00:00+00:00,WHP.PSIG,674.46
2026-04-08T11:00:00+00:00,WHP.PSIG,671.19
2026-04-08T12:00:00+00:00,WHP.PSIG,668.05
2026-04-08T13:00:00+00:00,WHP.PSIG,675.95
2026-04-08T14:00:00+00:00,WHP.PSIG,667.65
2026-04-08T15:00:00+00:00,WHP.PSIG,674.11
2026-04-08T16:00:00+00:00,WHP.PSIG,656.77
2026-04-08T17:00:00+00:00,WHP.PSIG,659.27
2026-04-08T18:00:00+00:00,WHP.PSIG,655.6
2026-04-08T19:00:00+00:00,WHP.PSIG,644.71
2026-04-08T20:00:00+00:00,WHP.PSIG,640.13
2026-04-08T21:00:00+00:00,WHP.PSIG,633.64
2026-04-08T22:00:00+00:00,WHP.PSIG,626.67
2026-04-08T23:00:00+00:00,WHP.PSIG,621.17
2026-04-09T00:00:00+00:00,WHP.PSIG,623.39
2026-04-09T01:00:00+00:00,WHP.PSIG,620.51
2026-04-09T02:00:00+00:00,WHP.PSIG,625.31
2026-04-09T03:00:00+00:00,WHP.PSIG,634.26
2026-04-09T04:00:00+00:00,WHP.PSIG,636.4
2026-04-09T05:00:00+00:00,WHP.PSIG,637.03
2026-04-09T06:00:00+00:00,WHP.PSIG,639.95
2026-04-09T07:00:00+00:00,WHP.PSIG,661.09
2026-04-09T08:00:00+00:00,WHP.PSIG,
2026-04-09T09:00:00+00:00,WHP.PSIG,
2026-04-09T10:00:00+00:00,WHP.PSIG,
2026-04-09T11:00:00+00:00,WHP.PSIG,
2026-04-09T12:00:00+00:00,WHP.PSIG,
2026-04-09T13:00:00+00:00,WHP.PSIG,
2026-04-09T14:00:00+00:00,WHP.PSIG,
2026-04-09T15:00:00+00:00,WHP.PSIG,
2026-04-09T16:00:00+00:00,WHP.PSIG,
2026-04-09T17:00:00+00:00,WHP.PSIG,
2026-04-09T18:00:00+00:00,WHP.PSIG,
2026-04-09T19:00:00+00:00,WHP.PSIG,
2026-04-09T20:00:00+00:00,WHP.PSIG,
2026-04-09T21:00:00+00:00,WHP.PSIG,
2026-04-09T22:00:00+00:00,WHP.PSIG,
2026-04-09T23:00:00+00:00,WHP.PSIG,
2026-04-10T00:00:00+00:00,WHP.PSIG,
2026-04-10T01:00:00+00:00,WHP.PSIG,
2026-04-10T02:00:00+00:00,WHP.PSIG,
2026-04-10T03:00:00+00:00,WHP.PSIG,
2026-04-10T04:00:00+00:00,WHP.PSIG,638.42
2026-04-10T05:00:00+00:00,WHP.PSIG,645.23
2026-04-10T06:00:00+00:00,WHP.PSIG,644.68
2026-04-10T07:00:00+00:00,WHP.PSIG,648.0
2026-04-10T08:00:00+00:00,WHP.PSIG,656.6
2026-04-10T09:00:00+00:00,WHP.PSIG,665.63
2026-04-10T10:00:00+00:00,WHP.PSIG,667.11
2026-04-10T11:00:00+00:00,WHP.PSIG,677.08
2026-04-10T12:00:00+00:00,WHP.PSIG,674.99
2026-04-10T13:00:00+00:00,WHP.PSIG,675.35
2026-04-10T14:00:00+00:00,WHP.PSIG,666.63
2026-04-10T15:00:00+00:00,WHP.PSIG,668.32
2026-04-10T16:00:00+00:00,WHP.PSIG,661.48
2026-04-10T17:00:00+00:00,WHP.PSIG,658.69
2026-04-10T18:00:00+00:00,WHP.PSIG,647.93
2026-04-10T19:00:00+00:00,WHP.PSIG,639.57
2026-04-10T20:00:00+00:00,WHP.PSIG,641.7
2026-04-10T21:00:00+00:00,WHP.PSIG,633.18
2026-04-10T22:00:00+00:00,WHP.PSIG,629.75
2026-04-10T23:00:00+00:00,WHP.PSIG,628.64
2026-04-11T00:00:00+00:00,WHP.PSIG,620.54
2026-04-11T01:00:00+00:00,WHP.PSIG,629.56
2026-04-11T02:00:00+00:00,WHP.PSIG,631.78
2026-04-11T03:00:00+00:00,WHP.PSIG,634.32
2026-04-11T04:00:00+00:00,WHP.PSIG,631.44
2026-04-11T05:00:00+00:00,WHP.PSIG,647.07
2026-04-11T06:00:00+00:00,WHP.PSIG,650.78
2026-04-11T07:00:00+00:00,WHP.PSIG,657.19
2026-04-11T08:00:00+00:00,WHP.PSIG,665.45
2026-04-11T09:00:00+00:00,WHP.PSIG,666.77
2026-04-11T10:00:00+00:00,WHP.PSIG,676.7
2026-04-11T11:00:00+00:00,WHP.PSIG,675.4
2026-04-11T12:00:00+00:00,WHP.PSIG,672.7
2026-04-11T13:00:00+00:00,WHP.PSIG,669.94
2026-04-11T14:00:00+00:00,WHP.PSIG,667.82
2026-04-11T15:00:00+00:00,WHP.PSIG,668.77
2026-04-11T16:00:00+00:00,WHP.PSIG,656.72
2026-04-11T17:00:00+00:00,WHP.PSIG,657.38
2026-04-11T18:00:00+00:00,WHP.PSIG,650.74
2026-04-11T19:00:00+00:00,WHP.PSIG,651.41
2026-04-11T20:00:00+00:00,WHP.PSIG,638.99
2026-04-11T21:00:00+00:00,WHP.PSIG,632.54
2026-04-11T22:00:00+00:00,WHP.PSIG,630.96
2026-04-11T23:00:00+00:00,WHP.PSIG,630.7
2026-04-12T00:00:00+00:00,WHP.PSIG,634.75
2026-04-12T01:00:00+00:00,WHP.PSIG,618.64
2026-04-12T02:00:00+00:00,WHP.PSIG,637.0
2026-04-12T03:00:00+00:00,WHP.PSIG,627.71
2026-04-12T04:00:00+00:00,WHP.PSIG,631.38
2026-04-12T05:00:00+00:00,WHP.PSIG,643.96
2026-04-12T06:00:00+00:00,WHP.PSIG,645.96
2026-04-12T07:00:00+00:00,WHP.PSIG,659.15
2026-04-12T08:00:00+00:00,WHP.PSIG,661.2
2026-04-12T09:00:00+00:00,WHP.PSIG,662.73
2026-04-12T10:00:00+00:00,WHP.PSIG,673.99
2026-04-12T11:00:00+00:00,WHP.PSIG,680.22
2026-04-12T12:00:00+00:00,WHP.PSIG,672.56
2026-04-12T13:00:00+00:00,WHP.PSIG,679.69
2026-04-12T14:00:00+00:00,WHP.PSIG,671.1
2026-04-12T15:00:00+00:00,WHP.PSIG,671.45
2026-04-12T16:00:00+00:00,WHP.PSIG,657.94
2026-04-12T17:00:00+00:00,WHP.PSIG,652.34
2026-04-12T18:00:00+00:00,WHP.PSIG,651.72
2026-04-12T19:00:00+00:00,WHP.PSIG,645.11
2026-04-12T20:00:00+00:00,WHP.PSIG,633.12
2026-04-12T21:00:00+00:00,WHP.PSIG,625.02
2026-04-12T22:00:00+00:00,WHP.PSIG,634.32
2026-04-12T23:00:00+00:00,WHP.PSIG,626.64
2026-04-13T00:00:00+00:00,WHP.PSIG,625.02
2026-04-13T01:00:00+00:00,WHP.PSIG,625.46
2026-04-13T02:00:00+00:00,WHP.PSIG,628.57
2026-04-13T03:00:00+00:00,WHP.PSIG,633.2
2026-04-13T04:00:00+00:00,WHP.PSIG,637.29
2026-04-13T05:00:00+00:00,WHP.PSIG,643.05
2026-04-13T06:00:00+00:00,WHP.PSIG,648.9
2026-04-13T07:00:00+00:00,WHP.PSIG,655.25
2026-04-13T08:00:00+00:00,WHP.PSIG,661.21
2026-04-13T09:00:00+00:00,WHP.PSIG,673.55
2026-04-13T10:00:00+00:00,WHP.PSIG,668.44
2026-04-13T11:00:00+00:00,WHP.PSIG,674.35
2026-04-13T12:00:00+00:00,WHP.PSIG,680.0
2026-04-13T13:00:00+00:00,WHP.PSIG,667.73
2026-04-13T14:00:00+00:00,WHP.PSIG,673.89
2026-04-13T15:00:00+00:00,WHP.PSIG,668.85
2026-04-13T16:00:00+00:00,WHP.PSIG,660.11
2026-04-13T17:00:00+00:00,WHP.PSIG,653.77
2026-04-13T18:00:00+00:00,WHP.PSIG,644.46
2026-04-13T19:00:00+00:00,WHP.PSIG,647.13
2026-04-13T20:00:00+00:00,WHP.PSIG,636.02
2026-04-13T21:00:00+00:00,WHP.PSIG,630.53
2026-04-13T22:00:00+00:00,WHP.PSIG,623.27
2026-04-13T23:00:00+00:00,WHP.PSIG,625.08
2026-04-14T00:00:00+00:00,WHP.PSIG,626.83
2026-04-14T01:00:00+00:00,WHP.PSIG,632.86
2026-04-14T02:00:00+00:00,WHP.PSIG,629.85
2026-04-14T03:00:00+00:00,WHP.PSIG,630.61
2026-04-14T04:00:00+00:00,WHP.PSIG,636.43
2026-04-14T05:00:00+00:00,WHP.PSIG,645.02
2026-04-14T06:00:00+00:00,WHP.PSIG,648.81
2026-04-14T07:00:00+00:00,WHP.PSIG,654.76
2026-04-14T08:00:00+00:00,WHP.PSIG,665.02
2026-04-14T09:00:00+00:00,WHP.PSIG,668.39
2026-04-14T10:00:00+00:00,WHP.PSIG,677.64
2026-04-14T11:00:00+00:00,WHP.PSIG,679.87
2026-04-14T12:00:00+00:00,WHP.PSIG,679.03
2026-04-14T13:00:00+00:00,WHP.PSIG,673.21
2026-04-14T14:00:00+00:00,WHP.PSIG,669.25
2026-04-14T15:00:00+00:00,WHP.PSIG,669.42
2026-04-14T16:00:00+00:00,WHP.PSIG,661.22
2026-04-14T17:00:00+00:00,WHP.PSIG,655.2
2026-04-14T18:00:00+00:00,WHP.PSIG,650.24
2026-04-14T19:00:00+00:00,WHP.PSIG,640.76
2026-04-14T20:00:00+00:00,WHP.PSIG,645.79
2026-04-14T21:00:00+00:00,WHP.PSIG,630.53
2026-04-14T22:00:00+00:00,WHP.PSIG,628.71
2026-04-14T23:00:00+00:00,WHP.PSIG,622.75
2026-04-15T00:00:00+00:00,WHP.PSIG,624.94
2026-04-15T01:00:00+00:00,WHP.PSIG,637.47
2026-04-15T02:00:00+00:00,WHP.PSIG,630.46
2026-04-15T03:00:00+00:00,WHP.PSIG,632.79
2026-04-15T04:00:00+00:00,WHP.PSIG,1500.0
2026-04-15T05:00:00+00:00,WHP.PSIG,641.75
2026-04-15T06:00:00+00:00,WHP.PSIG,650.53
2026-04-15T07:00:00+00:00,WHP.PSIG,655.12
2026-04-15T08:00:00+00:00,WHP.PSIG,667.72
2026-04-15T09:00:00+00:00,WHP.PSIG,664.53
2026-04-15T10:00:00+00:00,WHP.PSIG,671.34
2026-04-15T11:00:00+00:00,WHP.PSIG,673.77
2026-04-15T12:00:00+00:00,WHP.PSIG,675.61
2026-04-15T13:00:00+00:00,WHP.PSIG,672.45
2026-04-15T14:00:00+00:00,WHP.PSIG,669.1
2026-04-15T15:00:00+00:00,WHP.PSIG,669.68
2026-04-15T16:00:00+00:00,WHP.PSIG,660.69
2026-04-15T17:00:00+00:00,WHP.PSIG,649.97
2026-04-15T18:00:00+00:00,WHP.PSIG,648.81
2026-04-15T19:00:00+00:00,WHP.PSIG,635.81
2026-04-15T20:00:00+00:00,WHP.PSIG,636.32
2026-04-15T21:00:00+00:00,WHP.PSIG,630.29
2026-04-15T22:00:00+00:00,WHP.PSIG,628.99
2026-04-15T23:00:00+00:00,WHP.PSIG,617.32
2026-04-16T00:00:00+00:00,WHP.PSIG,618.51
2026-04-16T01:00:00+00:00,WHP.PSIG,625.17
2026-04-16T02:00:00+00:00,WHP.PSIG,630.2
2026-04-16T03:00:00+00:00,WHP.PSIG,634.28
2026-04-16T04:00:00+00:00,WHP.PSIG,640.16
2026-04-16T05:00:00+00:00,WHP.PSIG,637.2
2026-04-16T06:00:00+00:00,WHP.PSIG,651.46
2026-04-16T07:00:00+00:00,WHP.PSIG,656.13
2026-04-16T08:00:00+00:00,WHP.PSIG,665.06
2026-04-16T09:00:00+00:00,WHP.PSIG,665.81
2026-04-16T10:00:00+00:00,WHP.PSIG,671.42
2026-04-16T11:00:00+00:00,WHP.PSIG,675.89
2026-04-16T12:00:00+00:00,WHP.PSIG,674.77
2026-04-16T13:00:00+00:00,WHP.PSIG,678.92
2026-04-16T14:00:00+00:00,WHP.PSIG,669.9
2026-04-16T15:00:00+00:00,WHP.PSIG,663.19
2026-04-16T16:00:00+00:00,WHP.PSIG,663.8
2026-04-16T17:00:00+00:00,WHP.PSIG,666.24
2026-04-16T18:00:00+00:00,WHP.PSIG,649.75
2026-04-16T19:00:00+00:00,WHP.PSIG,644.48
2026-04-16T20:00:00+00:00,WHP.PSIG,636.21
2026-04-16T21:00:00+00:00,WHP.PSIG,631.71
2026-04-16T22:00:00+00:00,WHP.PSIG,622.4
2026-04-16T23:00:00+00:00,WHP.PSIG,622.97
2026-04-17T00:00:00+00:00,WHP.PSIG,622.09
2026-04-17T01:00:00+00:00,WHP.PSIG,625.15
2026-04-17T02:00:00+00:00,WHP.PSIG,633.94
2026-04-17T03:00:00+00:00,WHP.PSIG,633.15
2026-04-17T04:00:00+00:00,WHP.PSIG,631.84
2026-04-17T05:00:00+00:00,WHP.PSIG,643.56
2026-04-17T06:00:00+00:00,WHP.PSIG,652.02
2026-04-17T07:00:00+00:00,WHP.PSIG,656.01
2026-04-17T08:00:00+00:00,WHP.PSIG,665.84
2026-04-17T09:00:00+00:00,WHP.PSIG,673.93
2026-04-17T10:00:00+00:00,WHP.PSIG,671.34
2026-04-17T11:00:00+00:00,WHP.PSIG,666.59
2026-04-17T12:00:00+00:00,WHP.PSIG,678.29
2026-04-17T13:00:00+00:00,WHP.PSIG,673.57
2026-04-17T14:00:00+00:00,WHP.PSIG,676.81
2026-04-17T15:00:00+00:00,WHP.PSIG,665.1
2026-04-17T16:00:00+00:00,WHP.PSIG,664.41
2026-04-17T17:00:00+00:00,WHP.PSIG,656.81
2026-04-17T18:00:00+00:00,WHP.PSIG,653.43
2026-04-17T19:00:00+00:00,WHP.PSIG,644.94
2026-04-17T20:00:00+00:00,WHP.PSIG,638.82
2026-04-17T21:00:00+00:00,WHP.PSIG,638.85
2026-04-17T22:00:00+00:00,WHP.PSIG,625.46
2026-04-17T23:00:00+00:00,WHP.PSIG,624.84
2026-04-18T00:00:00+00:00,WHP.PSIG,624.32
2026-04-18T01:00:00+00:00,WHP.PSIG,620.21
2026-04-18T02:00:00+00:00,WHP.PSIG,624.82
2026-04-18T03:00:00+00:00,WHP.PSIG,633.53
2026-04-18T04:00:00+00:00,WHP.PSIG,639.41
2026-04-18T05:00:00+00:00,WHP.PSIG,638.69
2026-04-18T06:00:00+00:00,WHP.PSIG,654.48
2026-04-18T07:00:00+00:00,WHP.PSIG,652.91
2026-04-18T08:00:00+00:00,WHP.PSIG,657.59
2026-04-18T09:00:00+00:00,WHP.PSIG,666.62
2026-04-18T10:00:00+00:00,WHP.PSIG,677.86
2026-04-18T11:00:00+00:00,WHP.PSIG,677.52
2026-04-18T12:00:00+00:00,WHP.PSIG,673.87
2026-04-18T13:00:00+00:00,WHP.PSIG,677.96
2026-04-18T14:00:00+00:00,WHP.PSIG,670.26
2026-04-18T15:00:00+00:00,WHP.PSIG,676.09
2026-04-18T16:00:00+00:00,WHP.PSIG,665.62
2026-04-18T17:00:00+00:00,WHP.PSIG,654.32
2026-04-18T18:00:00+00:00,WHP.PSIG,655.62
2026-04-18T19:00:00+00:00,WHP.PSIG,643.26
2026-04-18T20:00:00+00:00,WHP.PSIG,637.16
2026-04-18T21:00:00+00:00,WHP.PSIG,632.64
2026-04-18T22:00:00+00:00,WHP.PSIG,632.07
2026-04-18T23:00:00+00:00,WHP.PSIG,630.91
2026-04-19T00:00:00+00:00,WHP.PSIG,627.91
2026-04-19T01:00:00+00:00,WHP.PSIG,621.61
2026-04-19T02:00:00+00:00,WHP.PSIG,622.4
2026-04-19T03:00:00+00:00,WHP.PSIG,629.86
2026-04-19T04:00:00+00:00,WHP.PSIG,637.62
2026-04-19T05:00:00+00:00,WHP.PSIG,644.44
2026-04-19T06:00:00+00:00,WHP.PSIG,646.74
2026-04-19T07:00:00+00:00,WHP.PSIG,657.96
2026-04-19T08:00:00+00:00,WHP.PSIG,665.34
2026-04-19T09:00:00+00:00,WHP.PSIG,660.28
2026-04-19T10:00:00+00:00,WHP.PSIG,678.83
2026-04-19T11:00:00+00:00,WHP.PSIG,679.08
2026-04-19T12:00:00+00:00,WHP.PSIG,674.96
2026-04-19T13:00:00+00:00,WHP.PSIG,670.66
2026-04-19T14:00:00+00:00,WHP.PSIG,676.5
2026-04-19T15:00:00+00:00,WHP.PSIG,674.25
2026-04-19T16:00:00+00:00,WHP.PSIG,661.45
2026-04-19T17:00:00+00:00,WHP.PSIG,660.63
2026-04-19T18:00:00+00:00,WHP.PSIG,648.99
2026-04-19T19:00:00+00:00,WHP.PSIG,639.39
2026-04-19T20:00:00+00:00,WHP.PSIG,643.25
2026-04-19T21:00:00+00:00,WHP.PSIG,629.26
2026-04-19T22:00:00+00:00,WHP.PSIG,630.72
2026-04-19T23:00:00+00:00,WHP.PSIG,632.64
2026-04-20T00:00:00+00:00,WHP.PSIG,628.34
2026-04-20T01:00:00+00:00,WHP.PSIG,628.17
2026-04-20T02:00:00+00:00,WHP.PSIG,629.96
2026-04-20T03:00:00+00:00,WHP.PSIG,635.46
2026-04-20T04:00:00+00:00,WHP.PSIG,637.44
2026-04-20T05:00:00+00:00,WHP.PSIG,642.02
2026-04-20T06:00:00+00:00,WHP.PSIG,654.12
2026-04-20T07:00:00+00:00,WHP.PSIG,660.11
2026-04-20T08:00:00+00:00,WHP.PSIG,656.68
2026-04-20T09:00:00+00:00,WHP.PSIG,672.14
2026-04-20T10:00:00+00:00,WHP.PSIG,663.56
2026-04-20T11:00:00+00:00,WHP.PSIG,674.2
2026-04-20T12:00:00+00:00,WHP.PSIG,677.19
2026-04-20T13:00:00+00:00,WHP.PSIG,669.56
2026-04-20T14:00:00+00:00,WHP.PSIG,672.87
2026-04-20T15:00:00+00:00,WHP.PSIG,668.71
2026-04-20T16:00:00+00:00,WHP.PSIG,662.57
2026-04-20T17:00:00+00:00,WHP.PSIG,659.68
2026-04-20T18:00:00+00:00,WHP.PSIG,643.57
2026-04-20T19:00:00+00:00,WHP.PSIG,640.45
2026-04-20T20:00:00+00:00,WHP.PSIG,638.8
2026-04-20T21:00:00+00:00,WHP.PSIG,631.3
2026-04-20T22:00:00+00:00,WHP.PSIG,630.09
2026-04-20T23:00:00+00:00,WHP.PSIG,628.45
2026-04-21T00:00:00+00:00,WHP.PSIG,625.53
2026-04-21T01:00:00+00:00,WHP.PSIG,623.87
2026-04-21T02:00:00+00:00,WHP.PSIG,624.4
2026-04-21T03:00:00+00:00,WHP.PSIG,631.55
2026-04-21T04:00:00+00:00,WHP.PSIG,638.85
2026-04-21T05:00:00+00:00,WHP.PSIG,646.63
2026-04-21T06:00:00+00:00,WHP.PSIG,657.74
2026-04-21T07:00:00+00:00,WHP.PSIG,651.71
2026-04-21T08:00:00+00:00,WHP.PSIG,666.45
2026-04-21T09:00:00+00:00,WHP.PSIG,664.78
2026-04-21T10:00:00+00:00,WHP.PSIG,673.54
2026-04-21T11:00:00+00:00,WHP.PSIG,674.78
2026-04-21T12:00:00+00:00,WHP.PSIG,672.77
2026-04-21T13:00:00+00:00,WHP.PSIG,674.88
2026-04-21T14:00:00+00:00,WHP.PSIG,674.28
2026-04-21T15:00:00+00:00,WHP.PSIG,667.26
2026-04-21T16:00:00+00:00,WHP.PSIG,665.14
2026-04-21T17:00:00+00:00,WHP.PSIG,659.13
2026-04-21T18:00:00+00:00,WHP.PSIG,653.75
2026-04-21T19:00:00+00:00,WHP.PSIG,646.02
2026-04-21T20:00:00+00:00,WHP.PSIG,5.0
2026-04-21T21:00:00+00:00,WHP.PSIG,5.0
2026-04-21T22:00:00+00:00,WHP.PSIG,5.0
2026-04-21T23:00:00+00:00,WHP.PSIG,5.0
2026-04-22T00:00:00+00:00,WHP.PSIG,5.0
2026-04-22T01:00:00+00:00,WHP.PSIG,625.33
2026-04-22T02:00:00+00:00,WHP.PSIG,627.91
2026-04-22T03:00:00+00:00,WHP.PSIG,630.44
2026-04-22T04:00:00+00:00,WHP.PSIG,633.4
2026-04-22T05:00:00+00:00,WHP.PSIG,641.56
2026-04-22T06:00:00+00:00,WHP.PSIG,651.07
2026-04-22T07:00:00+00:00,WHP.PSIG,662.0
2026-04-22T08:00:00+00:00,WHP.PSIG,656.5
2026-04-22T09:00:00+00:00,WHP.PSIG,672.6
2026-04-22T10:00:00+00:00,WHP.PSIG,669.68
2026-04-22T11:00:00+00:00,WHP.PSIG,673.32
2026-04-22T12:00:00+00:00,WHP.PSIG,676.63
2026-04-22T13:00:00+00:00,WHP.PSIG,679.2
2026-04-22T14:00:00+00:00,WHP.PSIG,671.17
2026-04-22T15:00:00+00:00,WHP.PSIG,666.85
2026-04-22T16:00:00+00:00,WHP.PSIG,657.26
2026-04-22T17:00:00+00:00,WHP.PSIG,660.83
2026-04-22T18:00:00+00:00,WHP.PSIG,640.4
2026-04-22T19:00:00+00:00,WHP.PSIG,646.65
2026-04-22T20:00:00+00:00,WHP.PSIG,636.86
2026-04-22T21:00:00+00:00,WHP.PSIG,626.55
2026-04-22T22:00:00+00:00,WHP.PSIG,627.02
2026-04-22T23:00:00+00:00,WHP.PSIG,632.21
2026-04-23T00:00:00+00:00,WHP.PSIG,623.2
2026-04-23T01:00:00+00:00,WHP.PSIG,625.42
2026-04-23T02:00:00+00:00,WHP.PSIG,636.75
2026-04-23T03:00:00+00:00,WHP.PSIG,634.39
2026-04-23T04:00:00+00:00,WHP.PSIG,635.54
2026-04-23T05:00:00+00:00,WHP.PSIG,641.44
2026-04-23T06:00:00+00:00,WHP.PSIG,651.44
2026-04-23T07:00:00+00:00,WHP.PSIG,655.65
2026-04-23T08:00:00+00:00,WHP.PSIG,662.75
2026-04-23T09:00:00+00:00,WHP.PSIG,663.03
2026-04-23T10:00:00+00:00,WHP.PSIG,672.08
2026-04-23T11:00:00+00:00,WHP.PSIG,679.34
2026-04-23T12:00:00+00:00,WHP.PSIG,682.29
2026-04-23T13:00:00+00:00,WHP.PSIG,671.75
2026-04-23T14:00:00+00:00,WHP.PSIG,665.85
2026-04-23T15:00:00+00:00,WHP.PSIG,672.39
2026-04-23T16:00:00+00:00,WHP.PSIG,658.44
2026-04-23T17:00:00+00:00,WHP.PSIG,647.0
2026-04-23T18:00:00+00:00,WHP.PSIG,652.77
2026-04-23T19:00:00+00:00,WHP.PSIG,639.51
2026-04-23T20:00:00+00:00,WHP.PSIG,637.44
2026-04-23T21:00:00+00:00,WHP.PSIG,626.42
2026-04-23T22:00:00+00:00,WHP.PSIG,624.56
2026-04-23T23:00:00+00:00,WHP.PSIG,627.03
2026-04-24T00:00:00+00:00,WHP.PSIG,628.3
2026-04-24T01:00:00+00:00,WHP.PSIG,622.06
2026-04-24T02:00:00+00:00,WHP.PSIG,631.0
2026-04-24T03:00:00+00:00,WHP.PSIG,633.87
2026-04-24T04:00:00+00:00,WHP.PSIG,644.39
2026-04-24T05:00:00+00:00,WHP.PSIG,642.64
2026-04-24T06:00:00+00:00,WHP.PSIG,650.92
2026-04-24T07:00:00+00:00,WHP.PSIG,658.65
2026-04-24T08:00:00+00:00,WHP.PSIG,658.88
2026-04-24T09:00:00+00:00,WHP.PSIG,664.23
2026-04-24T10:00:00+00:00,WHP.PSIG,667.84
2026-04-24T11:00:00+00:00,WHP.PSIG,673.58
2026-04-24T12:00:00+00:00,WHP.PSIG,682.21
2026-04-24T13:00:00+00:00,WHP.PSIG,677.36
2026-04-24T14:00:00+00:00,WHP.PSIG,669.27
2026-04-24T15:00:00+00:00,WHP.PSIG,659.23
2026-04-24T16:00:00+00:00,WHP.PSIG,659.66
2026-04-24T17:00:00+00:00,WHP.PSIG,650.76
2026-04-24T18:00:00+00:00,WHP.PSIG,649.9
2026-04-24T19:00:00+00:00,WHP.PSIG,644.36
2026-04-24T20:00:00+00:00,WHP.PSIG,627.46
2026-04-24T21:00:00+00:00,WHP.PSIG,639.74
2026-04-24T22:00:00+00:00,WHP.PSIG,630.18
2026-04-24T23:00:00+00:00,WHP.PSIG,620.87
2026-04-25T00:00:00+00:00,WHP.PSIG,622.53
2026-04-25T01:00:00+00:00,WHP.PSIG,628.53
2026-04-25T02:00:00+00:00,WHP.PSIG,630.17
2026-04-25T03:00:00+00:00,WHP.PSIG,631.41
2026-04-25T04:00:00+00:00,WHP.PSIG,632.22
2026-04-25T05:00:00+00:00,WHP.PSIG,639.51
2026-04-25T06:00:00+00:00,WHP.PSIG,646.55
2026-04-25T07:00:00+00:00,WHP.PSIG,657.63
2026-04-25T08:00:00+00:00,WHP.PSIG,659.61
2026-04-25T09:00:00+00:00,WHP.PSIG,664.08
2026-04-25T10:00:00+00:00,WHP.PSIG,673.42
2026-04-25T11:00:00+00:00,WHP.PSIG,673.76
2026-04-25T12:00:00+00:00,WHP.PSIG,675.46
2026-04-25T13:00:00+00:00,WHP.PSIG,677.37
2026-04-25T14:00:00+00:00,WHP.PSIG,669.19
2026-04-25T15:00:00+00:00,WHP.PSIG,669.35
2026-04-25T16:00:00+00:00,WHP.PSIG,662.15
2026-04-25T17:00:00+00:00,WHP.PSIG,657.58
2026-04-25T18:00:00+00:00,WHP.PSIG,649.76
2026-04-25T19:00:00+00:00,WHP.PSIG,645.01
2026-04-25T20:00:00+00:00,WHP.PSIG,641.52
2026-04-25T21:00:00+00:00,WHP.PSIG,634.89
2026-04-25T22:00:00+00:00,WHP.PSIG,629.39
2026-04-25T23:00:00+00:00,WHP.PSIG,629.93
2026-04-26T00:00:00+00:00,WHP.PSIG,622.18
2026-04-26T01:00:00+00:00,WHP.PSIG,625.68
2026-04-26T02:00:00+00:00,WHP.PSIG,625.1
2026-04-26T03:00:00+00:00,WHP.PSIG,628.1
2026-04-26T04:00:00+00:00,WHP.PSIG,632.09
2026-04-26T05:00:00+00:00,WHP.PSIG,640.81
2026-04-26T06:00:00+00:00,WHP.PSIG,653.75
2026-04-26T07:00:00+00:00,WHP.PSIG,651.52
2026-04-26T08:00:00+00:00,WHP.PSIG,667.43
2026-04-26T09:00:00+00:00,WHP.PSIG,665.58
2026-04-26T10:00:00+00:00,WHP.PSIG,678.73
2026-04-26T11:00:00+00:00,WHP.PSIG,664.36
2026-04-26T12:00:00+00:00,WHP.PSIG,670.84
2026-04-26T13:00:00+00:00,WHP.PSIG,677.99
2026-04-26T14:00:00+00:00,WHP.PSIG,669.17
2026-04-26T15:00:00+00:00,WHP.PSIG,671.0
2026-04-26T16:00:00+00:00,WHP.PSIG,663.66
2026-04-26T17:00:00+00:00,WHP.PSIG,652.27
2026-04-26T18:00:00+00:00,WHP.PSIG,654.69
2026-04-26T19:00:00+00:00,WHP.PSIG,637.84
2026-04-26T20:00:00+00:00,WHP.PSIG,631.93
2026-04-26T21:00:00+00:00,WHP.PSIG,628.7
2026-04-26T22:00:00+00:00,WHP.PSIG,621.99
2026-04-26T23:00:00+00:00,WHP.PSIG,623.83
2026-04-27T00:00:00+00:00,WHP.PSIG,626.56
2026-04-27T01:00:00+00:00,WHP.PSIG,629.46
2026-04-27T02:00:00+00:00,WHP.PSIG,623.18
2026-04-27T03:00:00+00:00,WHP.PSIG,624.65
2026-04-27T04:00:00+00:00,WHP.PSIG,639.46
2026-04-27T05:00:00+00:00,WHP.PSIG,638.12
2026-04-27T06:00:00+00:00,WHP.PSIG,648.07
2026-04-27T07:00:00+00:00,WHP.PSIG,655.38
2026-04-27T08:00:00+00:00,WHP.PSIG,660.42
2026-04-27T09:00:00+00:00,WHP.PSIG,662.71
2026-04-27T10:00:00+00:00,WHP.PSIG,676.24
2026-04-27T11:00:00+00:00,WHP.PSIG,673.13
2026-04-27T12:00:00+00:00,WHP.PSIG,674.05
2026-04-27T13:00:00+00:00,WHP.PSIG,676.55
2026-04-27T14:00:00+00:00,WHP.PSIG,669.24
2026-04-27T15:00:00+00:00,WHP.PSIG,670.59
2026-04-27T16:00:00+00:00,WHP.PSIG,664.37
2026-04-27T17:00:00+00:00,WHP.PSIG,665.02
2026-04-27T18:00:00+00:00,WHP.PSIG,642.83
2026-04-27T19:00:00+00:00,WHP.PSIG,643.28
2026-04-27T20:00:00+00:00,WHP.PSIG,630.87
2026-04-27T21:00:00+00:00,WHP.PSIG,640.88
2026-04-27T22:00:00+00:00,WHP.PSIG,633.48
2026-04-27T23:00:00+00:00,WHP.PSIG,624.83
2026-04-28T00:00:00+00:00,WHP.PSIG,627.09
2026-04-28T01:00:00+00:00,WHP.PSIG,632.85
2026-04-28T02:00:00+00:00,WHP.PSIG,626.83
2026-04-28T03:00:00+00:00,WHP.PSIG,635.64
2026-04-28T04:00:00+00:00,WHP.PSIG,638.64
2026-04-28T05:00:00+00:00,WHP.PSIG,635.14
2026-04-28T06:00:00+00:00,WHP.PSIG,646.01
2026-04-28T07:00:00+00:00,WHP.PSIG,647.54
2026-04-28T08:00:00+00:00,WHP.PSIG,660.56
2026-04-28T09:00:00+00:00,WHP.PSIG,666.42
2026-04-28T10:00:00+00:00,WHP.PSIG,666.3
2026-04-28T11:00:00+00:00,WHP.PSIG,672.36
2026-04-28T12:00:00+00:00,WHP.PSIG,673.58
2026-04-28T13:00:00+00:00,WHP.PSIG,674.21
2026-04-28T14:00:00+00:00,WHP.PSIG,670.0
2026-04-28T15:00:00+00:00,WHP.PSIG,659.47
2026-04-28T16:00:00+00:00,WHP.PSIG,661.94
2026-04-28T17:00:00+00:00,WHP.PSIG,656.92
2026-04-28T18:00:00+00:00,WHP.PSIG,650.89
2026-04-28T19:00:00+00:00,WHP.PSIG,641.42
2026-04-28T20:00:00+00:00,WHP.PSIG,635.6
2026-04-28T21:00:00+00:00,WHP.PSIG,632.77
2026-04-28T22:00:00+00:00,WHP.PSIG,624.77
2026-04-28T23:00:00+00:00,WHP.PSIG,624.04
2026-04-29T00:00:00+00:00,WHP.PSIG,624.0
2026-04-29T01:00:00+00:00,WHP.PSIG,626.91
2026-04-29T02:00:00+00:00,WHP.PSIG,622.83
2026-04-29T03:00:00+00:00,WHP.PSIG,633.22
2026-04-29T04:00:00+00:00,WHP.PSIG,643.41
2026-04-29T05:00:00+00:00,WHP.PSIG,645.76
2026-04-29T06:00:00+00:00,WHP.PSIG,656.26
2026-04-29T07:00:00+00:00,WHP.PSIG,655.62
2026-04-29T08:00:00+00:00,WHP.PSIG,655.08
2026-04-29T09:00:00+00:00,WHP.PSIG,667.15
2026-04-29T10:00:00+00:00,WHP.PSIG,667.19
2026-04-29T11:00:00+00:00,WHP.PSIG,674.16
2026-04-29T12:00:00+00:00,WHP.PSIG,675.09
2026-04-29T13:00:00+00:00,WHP.PSIG,673.24
2026-04-29T14:00:00+00:00,WHP.PSIG,672.8
2026-04-29T15:00:00+00:00,WHP.PSIG,662.28
2026-04-29T16:00:00+00:00,WHP.PSIG,659.58
2026-04-29T17:00:00+00:00,WHP.PSIG,654.63
2026-04-29T18:00:00+00:00,WHP.PSIG,650.83
2026-04-29T19:00:00+00:00,WHP.PSIG,645.61
2026-04-29T20:00:00+00:00,WHP.PSIG,636.04
2026-04-29T21:00:00+00:00,WHP.PSIG,627.53
2026-04-29T22:00:00+00:00,WHP.PSIG,626.69
2026-04-29T23:00:00+00:00,WHP.PSIG,623.81
2026-04-30T00:00:00+00:00,WHP.PSIG,630.16
2026-04-30T01:00:00+00:00,WHP.PSIG,627.29
2026-04-30T02:00:00+00:00,WHP.PSIG,627.41
2026-04-30T03:00:00+00:00,WHP.PSIG,630.2
2026-04-30T04:00:00+00:00,WHP.PSIG,638.22
2026-04-30T05:00:00+00:00,WHP.PSIG,639.27
2026-04-30T06:00:00+00:00,WHP.PSIG,651.25
2026-04-30T07:00:00+00:00,WHP.PSIG,660.41
2026-04-30T08:00:00+00:00,WHP.PSIG,660.58
2026-04-30T09:00:00+00:00,WHP.PSIG,669.92
2026-04-30T10:00:00+00:00,WHP.PSIG,668.74
2026-04-30T11:00:00+00:00,WHP.PSIG,673.62
2026-04-30T12:00:00+00:00,WHP.PSIG,673.78
2026-04-30T13:00:00+00:00,WHP.PSIG,672.41
2026-04-30T14:00:00+00:00,WHP.PSIG,679.22
2026-04-30T15:00:00+00:00,WHP.PSIG,672.55
2026-04-30T16:00:00+00:00,WHP.PSIG,664.56
2026-04-30T17:00:00+00:00,WHP.PSIG,651.33
2026-04-30T18:00:00+00:00,WHP.PSIG,651.51
2026-04-30T19:00:00+00:00,WHP.PSIG,641.94
2026-04-30T20:00:00+00:00,WHP.PSIG,638.67
2026-04-30T21:00:00+00:00,WHP.PSIG,632.41
2026-04-30T22:00:00+00:00,WHP.PSIG,633.04
2026-04-30T23:00:00+00:00,WHP.PSIG,626.23
2026-04-01T00:00:00+00:00,FMRATE.MSCFD,2716.0
2026-04-01T01:00:00+00:00,FMRATE.MSCFD,2679.2
2026-04-01T02:00:00+00:00,FMRATE.MSCFD,2667.2
2026-04-01T03:00:00+00:00,FMRATE.MSCFD,2903.2
2026-04-01T04:00:00+00:00,FMRATE.MSCFD,2800.9
2026-04-01T05:00:00+00:00,FMRATE.MSCFD,2740.8
2026-04-01T06:00:00+00:00,FMRATE.MSCFD,2699.1
2026-04-01T07:00:00+00:00,FMRATE.MSCFD,2848.8
2026-04-01T08:00:00+00:00,FMRATE.MSCFD,2767.3
2026-04-01T09:00:00+00:00,FMRATE.MSCFD,2915.1
2026-04-01T10:00:00+00:00,FMRATE.MSCFD,2979.3
2026-04-01T11:00:00+00:00,FMRATE.MSCFD,3008.0
2026-04-01T12:00:00+00:00,FMRATE.MSCFD,2904.7
2026-04-01T13:00:00+00:00,FMRATE.MSCFD,2802.7
2026-04-01T14:00:00+00:00,FMRATE.MSCFD,2732.0
2026-04-01T15:00:00+00:00,FMRATE.MSCFD,2888.8
2026-04-01T16:00:00+00:00,FMRATE.MSCFD,2799.6
2026-04-01T17:00:00+00:00,FMRATE.MSCFD,2850.4
2026-04-01T18:00:00+00:00,FMRATE.MSCFD,2805.0
2026-04-01T19:00:00+00:00,FMRATE.MSCFD,2813.9
2026-04-01T20:00:00+00:00,FMRATE.MSCFD,2775.4
2026-04-01T21:00:00+00:00,FMRATE.MSCFD,2750.8
2026-04-01T22:00:00+00:00,FMRATE.MSCFD,2652.3
2026-04-01T23:00:00+00:00,FMRATE.MSCFD,2603.9
2026-04-02T00:00:00+00:00,FMRATE.MSCFD,2671.7
2026-04-02T01:00:00+00:00,FMRATE.MSCFD,2600.8
2026-04-02T02:00:00+00:00,FMRATE.MSCFD,2707.6
2026-04-02T03:00:00+00:00,FMRATE.MSCFD,2816.4
2026-04-02T04:00:00+00:00,FMRATE.MSCFD,2876.6
2026-04-02T05:00:00+00:00,FMRATE.MSCFD,2625.2
2026-04-02T06:00:00+00:00,FMRATE.MSCFD,2856.0
2026-04-02T07:00:00+00:00,FMRATE.MSCFD,2853.5
2026-04-02T08:00:00+00:00,FMRATE.MSCFD,2823.2
2026-04-02T09:00:00+00:00,FMRATE.MSCFD,2775.6
2026-04-02T10:00:00+00:00,FMRATE.MSCFD,2953.6
2026-04-02T11:00:00+00:00,FMRATE.MSCFD,2800.4
2026-04-02T12:00:00+00:00,FMRATE.MSCFD,2802.6
2026-04-02T13:00:00+00:00,FMRATE.MSCFD,2987.3
2026-04-02T14:00:00+00:00,FMRATE.MSCFD,2948.1
2026-04-02T15:00:00+00:00,FMRATE.MSCFD,2889.4
2026-04-02T16:00:00+00:00,FMRATE.MSCFD,2789.4
2026-04-02T17:00:00+00:00,FMRATE.MSCFD,3080.9
2026-04-02T18:00:00+00:00,FMRATE.MSCFD,2893.7
2026-04-02T19:00:00+00:00,FMRATE.MSCFD,2868.0
2026-04-02T20:00:00+00:00,FMRATE.MSCFD,2797.4
2026-04-02T21:00:00+00:00,FMRATE.MSCFD,2867.4
2026-04-02T22:00:00+00:00,FMRATE.MSCFD,2612.6
2026-04-02T23:00:00+00:00,FMRATE.MSCFD,2615.0
2026-04-03T00:00:00+00:00,FMRATE.MSCFD,2784.6
2026-04-03T01:00:00+00:00,FMRATE.MSCFD,2782.6
2026-04-03T02:00:00+00:00,FMRATE.MSCFD,2672.0
2026-04-03T03:00:00+00:00,FMRATE.MSCFD,2622.6
2026-04-03T04:00:00+00:00,FMRATE.MSCFD,2926.7
2026-04-03T05:00:00+00:00,FMRATE.MSCFD,2924.3
2026-04-03T06:00:00+00:00,FMRATE.MSCFD,2821.2
2026-04-03T07:00:00+00:00,FMRATE.MSCFD,2898.8
2026-04-03T08:00:00+00:00,FMRATE.MSCFD,2954.9
2026-04-03T09:00:00+00:00,FMRATE.MSCFD,2800.5
2026-04-03T10:00:00+00:00,FMRATE.MSCFD,2790.2
2026-04-03T11:00:00+00:00,FMRATE.MSCFD,2902.5
2026-04-03T12:00:00+00:00,FMRATE.MSCFD,2902.5
2026-04-03T13:00:00+00:00,FMRATE.MSCFD,2902.5
2026-04-03T14:00:00+00:00,FMRATE.MSCFD,2902.5
2026-04-03T15:00:00+00:00,FMRATE.MSCFD,2902.5
2026-04-03T16:00:00+00:00,FMRATE.MSCFD,2902.5
2026-04-03T17:00:00+00:00,FMRATE.MSCFD,2902.5
2026-04-03T18:00:00+00:00,FMRATE.MSCFD,2902.5
2026-04-03T19:00:00+00:00,FMRATE.MSCFD,2902.5
2026-04-03T20:00:00+00:00,FMRATE.MSCFD,2902.5
2026-04-03T21:00:00+00:00,FMRATE.MSCFD,2902.5
2026-04-03T22:00:00+00:00,FMRATE.MSCFD,2902.5
2026-04-03T23:00:00+00:00,FMRATE.MSCFD,2902.5
2026-04-04T00:00:00+00:00,FMRATE.MSCFD,2902.5
2026-04-04T01:00:00+00:00,FMRATE.MSCFD,2902.5
2026-04-04T02:00:00+00:00,FMRATE.MSCFD,2902.5
2026-04-04T03:00:00+00:00,FMRATE.MSCFD,2902.5
2026-04-04T04:00:00+00:00,FMRATE.MSCFD,2902.5
2026-04-04T05:00:00+00:00,FMRATE.MSCFD,2902.5
2026-04-04T06:00:00+00:00,FMRATE.MSCFD,2902.5
2026-04-04T07:00:00+00:00,FMRATE.MSCFD,2902.5
2026-04-04T08:00:00+00:00,FMRATE.MSCFD,2917.5
2026-04-04T09:00:00+00:00,FMRATE.MSCFD,2891.4
2026-04-04T10:00:00+00:00,FMRATE.MSCFD,2902.6
2026-04-04T11:00:00+00:00,FMRATE.MSCFD,2858.4
2026-04-04T12:00:00+00:00,FMRATE.MSCFD,2830.8
2026-04-04T13:00:00+00:00,FMRATE.MSCFD,2762.8
2026-04-04T14:00:00+00:00,FMRATE.MSCFD,3051.5
2026-04-04T15:00:00+00:00,FMRATE.MSCFD,2875.4
2026-04-04T16:00:00+00:00,FMRATE.MSCFD,2743.7
2026-04-04T17:00:00+00:00,FMRATE.MSCFD,2737.0
2026-04-04T18:00:00+00:00,FMRATE.MSCFD,2698.2
2026-04-04T19:00:00+00:00,FMRATE.MSCFD,2775.8
2026-04-04T20:00:00+00:00,FMRATE.MSCFD,2851.2
2026-04-04T21:00:00+00:00,FMRATE.MSCFD,2744.0
2026-04-04T22:00:00+00:00,FMRATE.MSCFD,2738.4
2026-04-04T23:00:00+00:00,FMRATE.MSCFD,2773.2
2026-04-05T00:00:00+00:00,FMRATE.MSCFD,2734.3
2026-04-05T01:00:00+00:00,FMRATE.MSCFD,2597.9
2026-04-05T02:00:00+00:00,FMRATE.MSCFD,2830.3
2026-04-05T03:00:00+00:00,FMRATE.MSCFD,2792.8
2026-04-05T04:00:00+00:00,FMRATE.MSCFD,2890.7
2026-04-05T05:00:00+00:00,FMRATE.MSCFD,2817.6
2026-04-05T06:00:00+00:00,FMRATE.MSCFD,2714.3
2026-04-05T07:00:00+00:00,FMRATE.MSCFD,2812.0
2026-04-05T08:00:00+00:00,FMRATE.MSCFD,2903.6
2026-04-05T09:00:00+00:00,FMRATE.MSCFD,2858.9
2026-04-05T10:00:00+00:00,FMRATE.MSCFD,3059.3
2026-04-05T11:00:00+00:00,FMRATE.MSCFD,2950.0
2026-04-05T12:00:00+00:00,FMRATE.MSCFD,2951.7
2026-04-05T13:00:00+00:00,FMRATE.MSCFD,2918.7
2026-04-05T14:00:00+00:00,FMRATE.MSCFD,2918.0
2026-04-05T15:00:00+00:00,FMRATE.MSCFD,2807.3
2026-04-05T16:00:00+00:00,FMRATE.MSCFD,2801.8
2026-04-05T17:00:00+00:00,FMRATE.MSCFD,2860.2
2026-04-05T18:00:00+00:00,FMRATE.MSCFD,2830.8
2026-04-05T19:00:00+00:00,FMRATE.MSCFD,2662.3
2026-04-05T20:00:00+00:00,FMRATE.MSCFD,2779.2
2026-04-05T21:00:00+00:00,FMRATE.MSCFD,2843.9
2026-04-05T22:00:00+00:00,FMRATE.MSCFD,2518.5
2026-04-05T23:00:00+00:00,FMRATE.MSCFD,2845.1
2026-04-06T00:00:00+00:00,FMRATE.MSCFD,2662.2
2026-04-06T01:00:00+00:00,FMRATE.MSCFD,2751.1
2026-04-06T02:00:00+00:00,FMRATE.MSCFD,2715.1
2026-04-06T03:00:00+00:00,FMRATE.MSCFD,2810.4
2026-04-06T04:00:00+00:00,FMRATE.MSCFD,2590.0
2026-04-06T05:00:00+00:00,FMRATE.MSCFD,2637.9
2026-04-06T06:00:00+00:00,FMRATE.MSCFD,2816.0
2026-04-06T07:00:00+00:00,FMRATE.MSCFD,2906.1
2026-04-06T08:00:00+00:00,FMRATE.MSCFD,2863.7
2026-04-06T09:00:00+00:00,FMRATE.MSCFD,2868.0
2026-04-06T10:00:00+00:00,FMRATE.MSCFD,2928.1
2026-04-06T11:00:00+00:00,FMRATE.MSCFD,2963.1
2026-04-06T12:00:00+00:00,FMRATE.MSCFD,2827.6
2026-04-06T13:00:00+00:00,FMRATE.MSCFD,3153.8
2026-04-06T14:00:00+00:00,FMRATE.MSCFD,2887.8
2026-04-06T15:00:00+00:00,FMRATE.MSCFD,2767.2
2026-04-06T16:00:00+00:00,FMRATE.MSCFD,2790.1
2026-04-06T17:00:00+00:00,FMRATE.MSCFD,2719.3
2026-04-06T18:00:00+00:00,FMRATE.MSCFD,2846.9
2026-04-06T19:00:00+00:00,FMRATE.MSCFD,2727.5
2026-04-06T20:00:00+00:00,FMRATE.MSCFD,2711.0
2026-04-06T21:00:00+00:00,FMRATE.MSCFD,2827.9
2026-04-06T22:00:00+00:00,FMRATE.MSCFD,2746.4
2026-04-06T23:00:00+00:00,FMRATE.MSCFD,2625.7
2026-04-07T00:00:00+00:00,FMRATE.MSCFD,2780.1
2026-04-07T01:00:00+00:00,FMRATE.MSCFD,2630.3
2026-04-07T02:00:00+00:00,FMRATE.MSCFD,2618.6
2026-04-07T03:00:00+00:00,FMRATE.MSCFD,2683.2
2026-04-07T04:00:00+00:00,FMRATE.MSCFD,2733.2
2026-04-07T05:00:00+00:00,FMRATE.MSCFD,2785.9
2026-04-07T06:00:00+00:00,FMRATE.MSCFD,2737.1
2026-04-07T07:00:00+00:00,FMRATE.MSCFD,2888.5
2026-04-07T08:00:00+00:00,FMRATE.MSCFD,2864.1
2026-04-07T09:00:00+00:00,FMRATE.MSCFD,2900.0
2026-04-07T10:00:00+00:00,FMRATE.MSCFD,2671.7
2026-04-07T11:00:00+00:00,FMRATE.MSCFD,3045.5
2026-04-07T12:00:00+00:00,FMRATE.MSCFD,2898.4
2026-04-07T13:00:00+00:00,FMRATE.MSCFD,2815.0
2026-04-07T14:00:00+00:00,FMRATE.MSCFD,2872.8
2026-04-07T15:00:00+00:00,FMRATE.MSCFD,2792.7
2026-04-07T16:00:00+00:00,FMRATE.MSCFD,2813.9
2026-04-07T17:00:00+00:00,FMRATE.MSCFD,2816.5
2026-04-07T18:00:00+00:00,FMRATE.MSCFD,2796.8
2026-04-07T19:00:00+00:00,FMRATE.MSCFD,2892.6
2026-04-07T20:00:00+00:00,FMRATE.MSCFD,2721.5
2026-04-07T21:00:00+00:00,FMRATE.MSCFD,2620.8
2026-04-07T22:00:00+00:00,FMRATE.MSCFD,2670.7
2026-04-07T23:00:00+00:00,FMRATE.MSCFD,2609.8
2026-04-08T00:00:00+00:00,FMRATE.MSCFD,2694.4
2026-04-08T01:00:00+00:00,FMRATE.MSCFD,2649.6
2026-04-08T02:00:00+00:00,FMRATE.MSCFD,2635.6
2026-04-08T03:00:00+00:00,FMRATE.MSCFD,2682.9
2026-04-08T04:00:00+00:00,FMRATE.MSCFD,2750.7
2026-04-08T05:00:00+00:00,FMRATE.MSCFD,2650.3
2026-04-08T06:00:00+00:00,FMRATE.MSCFD,2767.7
2026-04-08T07:00:00+00:00,FMRATE.MSCFD,2795.5
2026-04-08T08:00:00+00:00,FMRATE.MSCFD,2842.6
2026-04-08T09:00:00+00:00,FMRATE.MSCFD,2927.2
2026-04-08T10:00:00+00:00,FMRATE.MSCFD,2977.6
2026-04-08T11:00:00+00:00,FMRATE.MSCFD,2921.0
2026-04-08T12:00:00+00:00,FMRATE.MSCFD,2854.8
2026-04-08T13:00:00+00:00,FMRATE.MSCFD,2893.8
2026-04-08T14:00:00+00:00,FMRATE.MSCFD,2963.0
2026-04-08T15:00:00+00:00,FMRATE.MSCFD,2814.1
2026-04-08T16:00:00+00:00,FMRATE.MSCFD,2686.0
2026-04-08T17:00:00+00:00,FMRATE.MSCFD,2813.2
2026-04-08T18:00:00+00:00,FMRATE.MSCFD,2850.7
2026-04-08T19:00:00+00:00,FMRATE.MSCFD,2857.0
2026-04-08T20:00:00+00:00,FMRATE.MSCFD,2641.1
2026-04-08T21:00:00+00:00,FMRATE.MSCFD,2642.4
2026-04-08T22:00:00+00:00,FMRATE.MSCFD,2697.2
2026-04-08T23:00:00+00:00,FMRATE.MSCFD,2814.0
2026-04-09T00:00:00+00:00,FMRATE.MSCFD,2600.5
2026-04-09T01:00:00+00:00,FMRATE.MSCFD,2636.5
2026-04-09T02:00:00+00:00,FMRATE.MSCFD,2713.7
2026-04-09T03:00:00+00:00,FMRATE.MSCFD,2808.5
2026-04-09T04:00:00+00:00,FMRATE.MSCFD,2753.7
2026-04-09T05:00:00+00:00,FMRATE.MSCFD,2792.0
2026-04-09T06:00:00+00:00,FMRATE.MSCFD,2771.5
2026-04-09T07:00:00+00:00,FMRATE.MSCFD,2724.7
2026-04-09T08:00:00+00:00,FMRATE.MSCFD,2980.4
2026-04-09T09:00:00+00:00,FMRATE.MSCFD,2786.5
2026-04-09T10:00:00+00:00,FMRATE.MSCFD,2967.6
2026-04-09T11:00:00+00:00,FMRATE.MSCFD,3030.3
2026-04-09T12:00:00+00:00,FMRATE.MSCFD,2759.4
2026-04-09T13:00:00+00:00,FMRATE.MSCFD,2863.0
2026-04-09T14:00:00+00:00,FMRATE.MSCFD,2865.8
2026-04-09T15:00:00+00:00,FMRATE.MSCFD,2762.1
2026-04-09T16:00:00+00:00,FMRATE.MSCFD,2782.2
2026-04-09T17:00:00+00:00,FMRATE.MSCFD,2849.4
2026-04-09T18:00:00+00:00,FMRATE.MSCFD,2727.6
2026-04-09T19:00:00+00:00,FMRATE.MSCFD,2598.9
2026-04-09T20:00:00+00:00,FMRATE.MSCFD,2735.3
2026-04-09T21:00:00+00:00,FMRATE.MSCFD,2755.1
2026-04-09T22:00:00+00:00,FMRATE.MSCFD,2645.3
2026-04-09T23:00:00+00:00,FMRATE.MSCFD,2606.2
2026-04-10T00:00:00+00:00,FMRATE.MSCFD,2766.8
2026-04-10T01:00:00+00:00,FMRATE.MSCFD,2687.0
2026-04-10T02:00:00+00:00,FMRATE.MSCFD,2839.6
2026-04-10T03:00:00+00:00,FMRATE.MSCFD,2654.1
2026-04-10T04:00:00+00:00,FMRATE.MSCFD,2826.4
2026-04-10T05:00:00+00:00,FMRATE.MSCFD,2792.6
2026-04-10T06:00:00+00:00,FMRATE.MSCFD,2828.5
2026-04-10T07:00:00+00:00,FMRATE.MSCFD,2814.3
2026-04-10T08:00:00+00:00,FMRATE.MSCFD,2969.6
2026-04-10T09:00:00+00:00,FMRATE.MSCFD,2822.5
2026-04-10T10:00:00+00:00,FMRATE.MSCFD,2867.3
2026-04-10T11:00:00+00:00,FMRATE.MSCFD,2970.7
2026-04-10T12:00:00+00:00,FMRATE.MSCFD,2941.3
2026-04-10T13:00:00+00:00,FMRATE.MSCFD,3022.9
2026-04-10T14:00:00+00:00,FMRATE.MSCFD,2772.4
2026-04-10T15:00:00+00:00,FMRATE.MSCFD,2843.1
2026-04-10T16:00:00+00:00,FMRATE.MSCFD,2944.7
2026-04-10T17:00:00+00:00,FMRATE.MSCFD,2683.0
2026-04-10T18:00:00+00:00,FMRATE.MSCFD,2835.5
2026-04-10T19:00:00+00:00,FMRATE.MSCFD,2827.8
2026-04-10T20:00:00+00:00,FMRATE.MSCFD,2752.7
2026-04-10T21:00:00+00:00,FMRATE.MSCFD,2775.2
2026-04-10T22:00:00+00:00,FMRATE.MSCFD,2714.0
2026-04-10T23:00:00+00:00,FMRATE.MSCFD,2642.0
2026-04-11T00:00:00+00:00,FMRATE.MSCFD,2668.2
2026-04-11T01:00:00+00:00,FMRATE.MSCFD,2695.3
2026-04-11T02:00:00+00:00,FMRATE.MSCFD,2761.6
2026-04-11T03:00:00+00:00,FMRATE.MSCFD,2819.5
2026-04-11T04:00:00+00:00,FMRATE.MSCFD,2628.3
2026-04-11T05:00:00+00:00,FMRATE.MSCFD,2740.5
2026-04-11T06:00:00+00:00,FMRATE.MSCFD,2662.3
2026-04-11T07:00:00+00:00,FMRATE.MSCFD,2750.4
2026-04-11T08:00:00+00:00,FMRATE.MSCFD,2844.8
2026-04-11T09:00:00+00:00,FMRATE.MSCFD,2809.3
2026-04-11T10:00:00+00:00,FMRATE.MSCFD,2867.5
2026-04-11T11:00:00+00:00,FMRATE.MSCFD,2805.7
2026-04-11T12:00:00+00:00,FMRATE.MSCFD,2898.5
2026-04-11T13:00:00+00:00,FMRATE.MSCFD,2851.5
2026-04-11T14:00:00+00:00,FMRATE.MSCFD,2908.3
2026-04-11T15:00:00+00:00,FMRATE.MSCFD,2989.4
2026-04-11T16:00:00+00:00,FMRATE.MSCFD,2857.0
2026-04-11T17:00:00+00:00,FMRATE.MSCFD,2850.0
2026-04-11T18:00:00+00:00,FMRATE.MSCFD,2710.1
2026-04-11T19:00:00+00:00,FMRATE.MSCFD,2781.9
2026-04-11T20:00:00+00:00,FMRATE.MSCFD,2683.6
2026-04-11T21:00:00+00:00,FMRATE.MSCFD,2936.1
2026-04-11T22:00:00+00:00,FMRATE.MSCFD,2738.1
2026-04-11T23:00:00+00:00,FMRATE.MSCFD,2712.1
2026-04-12T00:00:00+00:00,FMRATE.MSCFD,2731.7
2026-04-12T01:00:00+00:00,FMRATE.MSCFD,2713.6
2026-04-12T02:00:00+00:00,FMRATE.MSCFD,2711.3
2026-04-12T03:00:00+00:00,FMRATE.MSCFD,2755.8
2026-04-12T04:00:00+00:00,FMRATE.MSCFD,2653.0
2026-04-12T05:00:00+00:00,FMRATE.MSCFD,2825.4
2026-04-12T06:00:00+00:00,FMRATE.MSCFD,2764.7
2026-04-12T07:00:00+00:00,FMRATE.MSCFD,2958.1
2026-04-12T08:00:00+00:00,FMRATE.MSCFD,2868.1
2026-04-12T09:00:00+00:00,FMRATE.MSCFD,2801.1
2026-04-12T10:00:00+00:00,FMRATE.MSCFD,2835.4
2026-04-12T11:00:00+00:00,FMRATE.MSCFD,2789.3
2026-04-12T12:00:00+00:00,FMRATE.MSCFD,2901.1
2026-04-12T13:00:00+00:00,FMRATE.MSCFD,2787.3
2026-04-12T14:00:00+00:00,FMRATE.MSCFD,2907.2
2026-04-12T15:00:00+00:00,FMRATE.MSCFD,2935.9
2026-04-12T16:00:00+00:00,FMRATE.MSCFD,2946.6
2026-04-12T17:00:00+00:00,FMRATE.MSCFD,2793.1
2026-04-12T18:00:00+00:00,FMRATE.MSCFD,2854.6
2026-04-12T19:00:00+00:00,FMRATE.MSCFD,2725.2
2026-04-12T20:00:00+00:00,FMRATE.MSCFD,2735.6
2026-04-12T21:00:00+00:00,FMRATE.MSCFD,2785.8
2026-04-12T22:00:00+00:00,FMRATE.MSCFD,2812.3
2026-04-12T23:00:00+00:00,FMRATE.MSCFD,2612.6
2026-04-13T00:00:00+00:00,FMRATE.MSCFD,2525.0
2026-04-13T01:00:00+00:00,FMRATE.MSCFD,2665.6
2026-04-13T02:00:00+00:00,FMRATE.MSCFD,2653.2
2026-04-13T03:00:00+00:00,FMRATE.MSCFD,2704.4
2026-04-13T04:00:00+00:00,FMRATE.MSCFD,2716.1
2026-04-13T05:00:00+00:00,FMRATE.MSCFD,2813.2
2026-04-13T06:00:00+00:00,FMRATE.MSCFD,2778.1
2026-04-13T07:00:00+00:00,FMRATE.MSCFD,2794.3
2026-04-13T08:00:00+00:00,FMRATE.MSCFD,2892.2
2026-04-13T09:00:00+00:00,FMRATE.MSCFD,2656.6
2026-04-13T10:00:00+00:00,FMRATE.MSCFD,2843.3
2026-04-13T11:00:00+00:00,FMRATE.MSCFD,2864.8
2026-04-13T12:00:00+00:00,FMRATE.MSCFD,2819.6
2026-04-13T13:00:00+00:00,FMRATE.MSCFD,2873.4
2026-04-13T14:00:00+00:00,FMRATE.MSCFD,2777.7
2026-04-13T15:00:00+00:00,FMRATE.MSCFD,2834.5
2026-04-13T16:00:00+00:00,FMRATE.MSCFD,2849.2
2026-04-13T17:00:00+00:00,FMRATE.MSCFD,2769.1
2026-04-13T18:00:00+00:00,FMRATE.MSCFD,2793.0
2026-04-13T19:00:00+00:00,FMRATE.MSCFD,2875.5
2026-04-13T20:00:00+00:00,FMRATE.MSCFD,2721.9
2026-04-13T21:00:00+00:00,FMRATE.MSCFD,2724.7
2026-04-13T22:00:00+00:00,FMRATE.MSCFD,2728.0
2026-04-13T23:00:00+00:00,FMRATE.MSCFD,2499.7
2026-04-14T00:00:00+00:00,FMRATE.MSCFD,2746.3
2026-04-14T01:00:00+00:00,FMRATE.MSCFD,2756.6
2026-04-14T02:00:00+00:00,FMRATE.MSCFD,2643.4
2026-04-14T03:00:00+00:00,FMRATE.MSCFD,2793.3
2026-04-14T04:00:00+00:00,FMRATE.MSCFD,2742.4
2026-04-14T05:00:00+00:00,FMRATE.MSCFD,2927.9
2026-04-14T06:00:00+00:00,FMRATE.MSCFD,2685.5
2026-04-14T07:00:00+00:00,FMRATE.MSCFD,2926.2
2026-04-14T08:00:00+00:00,FMRATE.MSCFD,2866.9
2026-04-14T09:00:00+00:00,FMRATE.MSCFD,2889.4
2026-04-14T10:00:00+00:00,FMRATE.MSCFD,2998.7
2026-04-14T11:00:00+00:00,FMRATE.MSCFD,2959.8
2026-04-14T12:00:00+00:00,FMRATE.MSCFD,2747.5
2026-04-14T13:00:00+00:00,FMRATE.MSCFD,3021.6
2026-04-14T14:00:00+00:00,FMRATE.MSCFD,2811.6
2026-04-14T15:00:00+00:00,FMRATE.MSCFD,2992.4
2026-04-14T16:00:00+00:00,FMRATE.MSCFD,2759.4
2026-04-14T17:00:00+00:00,FMRATE.MSCFD,2922.2
2026-04-14T18:00:00+00:00,FMRATE.MSCFD,2922.6
2026-04-14T19:00:00+00:00,FMRATE.MSCFD,2779.1
2026-04-14T20:00:00+00:00,FMRATE.MSCFD,2712.7
2026-04-14T21:00:00+00:00,FMRATE.MSCFD,2592.6
2026-04-14T22:00:00+00:00,FMRATE.MSCFD,2608.9
2026-04-14T23:00:00+00:00,FMRATE.MSCFD,2646.6
2026-04-15T00:00:00+00:00,FMRATE.MSCFD,2621.1
2026-04-15T01:00:00+00:00,FMRATE.MSCFD,2740.9
2026-04-15T02:00:00+00:00,FMRATE.MSCFD,2704.7
2026-04-15T03:00:00+00:00,FMRATE.MSCFD,2760.1
2026-04-15T04:00:00+00:00,FMRATE.MSCFD,2819.2
2026-04-15T05:00:00+00:00,FMRATE.MSCFD,2831.9
2026-04-15T06:00:00+00:00,FMRATE.MSCFD,2807.4
2026-04-15T07:00:00+00:00,FMRATE.MSCFD,2904.2
2026-04-15T08:00:00+00:00,FMRATE.MSCFD,2846.4
2026-04-15T09:00:00+00:00,FMRATE.MSCFD,2986.3
2026-04-15T10:00:00+00:00,FMRATE.MSCFD,2817.5
2026-04-15T11:00:00+00:00,FMRATE.MSCFD,2786.2
2026-04-15T12:00:00+00:00,FMRATE.MSCFD,2914.0
2026-04-15T13:00:00+00:00,FMRATE.MSCFD,2880.3
2026-04-15T14:00:00+00:00,FMRATE.MSCFD,2956.0
2026-04-15T15:00:00+00:00,FMRATE.MSCFD,3027.0
2026-04-15T16:00:00+00:00,FMRATE.MSCFD,2851.9
2026-04-15T17:00:00+00:00,FMRATE.MSCFD,3045.6
2026-04-15T18:00:00+00:00,FMRATE.MSCFD,2932.0
2026-04-15T19:00:00+00:00,FMRATE.MSCFD,2782.6
2026-04-15T20:00:00+00:00,FMRATE.MSCFD,2834.9
2026-04-15T21:00:00+00:00,FMRATE.MSCFD,2643.8
2026-04-15T22:00:00+00:00,FMRATE.MSCFD,2559.1
2026-04-15T23:00:00+00:00,FMRATE.MSCFD,2697.3
2026-04-16T00:00:00+00:00,FMRATE.MSCFD,2666.1
2026-04-16T01:00:00+00:00,FMRATE.MSCFD,2857.5
2026-04-16T02:00:00+00:00,FMRATE.MSCFD,2756.3
2026-04-16T03:00:00+00:00,FMRATE.MSCFD,2733.0
2026-04-16T04:00:00+00:00,FMRATE.MSCFD,2800.9
2026-04-16T05:00:00+00:00,FMRATE.MSCFD,2745.4
2026-04-16T06:00:00+00:00,FMRATE.MSCFD,2766.1
2026-04-16T07:00:00+00:00,FMRATE.MSCFD,2820.7
2026-04-16T08:00:00+00:00,FMRATE.MSCFD,2896.0
2026-04-16T09:00:00+00:00,FMRATE.MSCFD,2920.9
2026-04-16T10:00:00+00:00,FMRATE.MSCFD,2959.9
2026-04-16T11:00:00+00:00,FMRATE.MSCFD,2935.5
2026-04-16T12:00:00+00:00,FMRATE.MSCFD,2811.5
2026-04-16T13:00:00+00:00,FMRATE.MSCFD,3011.4
2026-04-16T14:00:00+00:00,FMRATE.MSCFD,2912.7
2026-04-16T15:00:00+00:00,FMRATE.MSCFD,2843.8
2026-04-16T16:00:00+00:00,FMRATE.MSCFD,2816.6
2026-04-16T17:00:00+00:00,FMRATE.MSCFD,2766.4
2026-04-16T18:00:00+00:00,FMRATE.MSCFD,2811.9
2026-04-16T19:00:00+00:00,FMRATE.MSCFD,2829.4
2026-04-16T20:00:00+00:00,FMRATE.MSCFD,2693.2
2026-04-16T21:00:00+00:00,FMRATE.MSCFD,2805.2
2026-04-16T22:00:00+00:00,FMRATE.MSCFD,2851.6
2026-04-16T23:00:00+00:00,FMRATE.MSCFD,2564.4
2026-04-17T00:00:00+00:00,FMRATE.MSCFD,2691.4
2026-04-17T01:00:00+00:00,FMRATE.MSCFD,2726.0
2026-04-17T02:00:00+00:00,FMRATE.MSCFD,2818.9
2026-04-17T03:00:00+00:00,FMRATE.MSCFD,2671.1
2026-04-17T04:00:00+00:00,FMRATE.MSCFD,2895.5
2026-04-17T05:00:00+00:00,FMRATE.MSCFD,2816.8
2026-04-17T06:00:00+00:00,FMRATE.MSCFD,2954.3
2026-04-17T07:00:00+00:00,FMRATE.MSCFD,2615.4
2026-04-17T08:00:00+00:00,FMRATE.MSCFD,2746.3
2026-04-17T09:00:00+00:00,FMRATE.MSCFD,2851.9
2026-04-17T10:00:00+00:00,FMRATE.MSCFD,2786.5
2026-04-17T11:00:00+00:00,FMRATE.MSCFD,2936.7
2026-04-17T12:00:00+00:00,FMRATE.MSCFD,2808.1
2026-04-17T13:00:00+00:00,FMRATE.MSCFD,2783.0
2026-04-17T14:00:00+00:00,FMRATE.MSCFD,2856.8
2026-04-17T15:00:00+00:00,FMRATE.MSCFD,2855.3
2026-04-17T16:00:00+00:00,FMRATE.MSCFD,2822.0
2026-04-17T17:00:00+00:00,FMRATE.MSCFD,2905.6
2026-04-17T18:00:00+00:00,FMRATE.MSCFD,2682.3
2026-04-17T19:00:00+00:00,FMRATE.MSCFD,2796.8
2026-04-17T20:00:00+00:00,FMRATE.MSCFD,2824.8
2026-04-17T21:00:00+00:00,FMRATE.MSCFD,2747.6
2026-04-17T22:00:00+00:00,FMRATE.MSCFD,2699.1
2026-04-17T23:00:00+00:00,FMRATE.MSCFD,2696.3
2026-04-18T00:00:00+00:00,FMRATE.MSCFD,2711.6
2026-04-18T01:00:00+00:00,FMRATE.MSCFD,2667.4
2026-04-18T02:00:00+00:00,FMRATE.MSCFD,2803.7
2026-04-18T03:00:00+00:00,FMRATE.MSCFD,2671.0
2026-04-18T04:00:00+00:00,FMRATE.MSCFD,2617.0
2026-04-18T05:00:00+00:00,FMRATE.MSCFD,2836.1
2026-04-18T06:00:00+00:00,FMRATE.MSCFD,2765.5
2026-04-18T07:00:00+00:00,FMRATE.MSCFD,765.5
2026-04-18T08:00:00+00:00,FMRATE.MSCFD,2812.5
2026-04-18T09:00:00+00:00,FMRATE.MSCFD,2929.4
2026-04-18T10:00:00+00:00,FMRATE.MSCFD,3001.8
2026-04-18T11:00:00+00:00,FMRATE.MSCFD,2874.7
2026-04-18T12:00:00+00:00,FMRATE.MSCFD,2744.0
2026-04-18T13:00:00+00:00,FMRATE.MSCFD,2945.8
2026-04-18T14:00:00+00:00,FMRATE.MSCFD,2840.5
2026-04-18T15:00:00+00:00,FMRATE.MSCFD,2918.0
2026-04-18T16:00:00+00:00,FMRATE.MSCFD,2913.6
2026-04-18T17:00:00+00:00,FMRATE.MSCFD,2693.6
2026-04-18T18:00:00+00:00,FMRATE.MSCFD,2713.4
2026-04-18T19:00:00+00:00,FMRATE.MSCFD,2856.2
2026-04-18T20:00:00+00:00,FMRATE.MSCFD,2638.5
2026-04-18T21:00:00+00:00,FMRATE.MSCFD,2744.4
2026-04-18T22:00:00+00:00,FMRATE.MSCFD,2630.6
2026-04-18T23:00:00+00:00,FMRATE.MSCFD,2785.5
2026-04-19T00:00:00+00:00,FMRATE.MSCFD,2695.3
2026-04-19T01:00:00+00:00,FMRATE.MSCFD,2746.3
2026-04-19T02:00:00+00:00,FMRATE.MSCFD,2727.7
2026-04-19T03:00:00+00:00,FMRATE.MSCFD,2667.2
2026-04-19T04:00:00+00:00,FMRATE.MSCFD,2758.0
2026-04-19T05:00:00+00:00,FMRATE.MSCFD,2803.8
2026-04-19T06:00:00+00:00,FMRATE.MSCFD,2759.0
2026-04-19T07:00:00+00:00,FMRATE.MSCFD,2805.8
2026-04-19T08:00:00+00:00,FMRATE.MSCFD,2759.7
2026-04-19T09:00:00+00:00,FMRATE.MSCFD,2809.4
2026-04-19T10:00:00+00:00,FMRATE.MSCFD,2980.0
2026-04-19T11:00:00+00:00,FMRATE.MSCFD,2742.0
2026-04-19T12:00:00+00:00,FMRATE.MSCFD,2852.1
2026-04-19T13:00:00+00:00,FMRATE.MSCFD,2871.7
2026-04-19T14:00:00+00:00,FMRATE.MSCFD,2879.4
2026-04-19T15:00:00+00:00,FMRATE.MSCFD,2943.2
2026-04-19T16:00:00+00:00,FMRATE.MSCFD,2950.2
2026-04-19T17:00:00+00:00,FMRATE.MSCFD,2750.4
2026-04-19T18:00:00+00:00,FMRATE.MSCFD,2763.1
2026-04-19T19:00:00+00:00,FMRATE.MSCFD,2918.7
2026-04-19T20:00:00+00:00,FMRATE.MSCFD,2604.9
2026-04-19T21:00:00+00:00,FMRATE.MSCFD,2736.6
2026-04-19T22:00:00+00:00,FMRATE.MSCFD,2983.6
2026-04-19T23:00:00+00:00,FMRATE.MSCFD,2618.6
2026-04-20T00:00:00+00:00,FMRATE.MSCFD,2713.1
2026-04-20T01:00:00+00:00,FMRATE.MSCFD,2775.7
2026-04-20T02:00:00+00:00,FMRATE.MSCFD,2806.2
2026-04-20T03:00:00+00:00,FMRATE.MSCFD,2736.7
2026-04-20T04:00:00+00:00,FMRATE.MSCFD,2667.7
2026-04-20T05:00:00+00:00,FMRATE.MSCFD,2983.7
2026-04-20T06:00:00+00:00,FMRATE.MSCFD,2865.1
2026-04-20T07:00:00+00:00,FMRATE.MSCFD,2720.2
2026-04-20T08:00:00+00:00,FMRATE.MSCFD,2895.7
2026-04-20T09:00:00+00:00,FMRATE.MSCFD,2818.0
2026-04-20T10:00:00+00:00,FMRATE.MSCFD,2733.8
2026-04-20T11:00:00+00:00,FMRATE.MSCFD,2952.3
2026-04-20T12:00:00+00:00,FMRATE.MSCFD,3003.9
2026-04-20T13:00:00+00:00,FMRATE.MSCFD,3015.1
2026-04-20T14:00:00+00:00,FMRATE.MSCFD,2819.0
2026-04-20T15:00:00+00:00,FMRATE.MSCFD,2891.6
2026-04-20T16:00:00+00:00,FMRATE.MSCFD,2747.8
2026-04-20T17:00:00+00:00,FMRATE.MSCFD,2922.9
2026-04-20T18:00:00+00:00,FMRATE.MSCFD,2753.6
2026-04-20T19:00:00+00:00,FMRATE.MSCFD,2608.4
2026-04-20T20:00:00+00:00,FMRATE.MSCFD,2813.3
2026-04-20T21:00:00+00:00,FMRATE.MSCFD,2696.2
2026-04-20T22:00:00+00:00,FMRATE.MSCFD,2629.7
2026-04-20T23:00:00+00:00,FMRATE.MSCFD,2737.7
2026-04-21T00:00:00+00:00,FMRATE.MSCFD,2850.9
2026-04-21T01:00:00+00:00,FMRATE.MSCFD,2751.5
2026-04-21T02:00:00+00:00,FMRATE.MSCFD,2863.3
2026-04-21T03:00:00+00:00,FMRATE.MSCFD,2691.9
2026-04-21T04:00:00+00:00,FMRATE.MSCFD,2727.0
2026-04-21T05:00:00+00:00,FMRATE.MSCFD,2773.2
2026-04-21T06:00:00+00:00,FMRATE.MSCFD,2781.1
2026-04-21T07:00:00+00:00,FMRATE.MSCFD,2720.4
2026-04-21T08:00:00+00:00,FMRATE.MSCFD,2867.6
2026-04-21T09:00:00+00:00,FMRATE.MSCFD,2906.8
2026-04-21T10:00:00+00:00,FMRATE.MSCFD,2823.8
2026-04-21T11:00:00+00:00,FMRATE.MSCFD,3139.0
2026-04-21T12:00:00+00:00,FMRATE.MSCFD,2800.6
2026-04-21T13:00:00+00:00,FMRATE.MSCFD,2901.1
2026-04-21T14:00:00+00:00,FMRATE.MSCFD,2922.3
2026-04-21T15:00:00+00:00,FMRATE.MSCFD,2920.9
2026-04-21T16:00:00+00:00,FMRATE.MSCFD,2823.2
2026-04-21T17:00:00+00:00,FMRATE.MSCFD,2762.6
2026-04-21T18:00:00+00:00,FMRATE.MSCFD,2743.0
2026-04-21T19:00:00+00:00,FMRATE.MSCFD,2862.4
2026-04-21T20:00:00+00:00,FMRATE.MSCFD,2766.7
2026-04-21T21:00:00+00:00,FMRATE.MSCFD,2769.7
2026-04-21T22:00:00+00:00,FMRATE.MSCFD,2541.1
2026-04-21T23:00:00+00:00,FMRATE.MSCFD,2937.1
2026-04-22T00:00:00+00:00,FMRATE.MSCFD,2781.0
2026-04-22T01:00:00+00:00,FMRATE.MSCFD,2658.1
2026-04-22T02:00:00+00:00,FMRATE.MSCFD,2654.4
2026-04-22T03:00:00+00:00,FMRATE.MSCFD,2613.6
2026-04-22T04:00:00+00:00,FMRATE.MSCFD,2746.4
2026-04-22T05:00:00+00:00,FMRATE.MSCFD,2617.0
2026-04-22T06:00:00+00:00,FMRATE.MSCFD,2926.3
2026-04-22T07:00:00+00:00,FMRATE.MSCFD,2865.8
2026-04-22T08:00:00+00:00,FMRATE.MSCFD,2843.5
2026-04-22T09:00:00+00:00,FMRATE.MSCFD,2837.0
2026-04-22T10:00:00+00:00,FMRATE.MSCFD,2889.9
2026-04-22T11:00:00+00:00,FMRATE.MSCFD,2850.9
2026-04-22T12:00:00+00:00,FMRATE.MSCFD,2952.5
2026-04-22T13:00:00+00:00,FMRATE.MSCFD,2935.7
2026-04-22T14:00:00+00:00,FMRATE.MSCFD,2933.4
2026-04-22T15:00:00+00:00,FMRATE.MSCFD,2807.0
2026-04-22T16:00:00+00:00,FMRATE.MSCFD,2866.8
2026-04-22T17:00:00+00:00,FMRATE.MSCFD,2812.5
2026-04-22T18:00:00+00:00,FMRATE.MSCFD,2714.0
2026-04-22T19:00:00+00:00,FMRATE.MSCFD,2740.9
2026-04-22T20:00:00+00:00,FMRATE.MSCFD,2736.9
2026-04-22T21:00:00+00:00,FMRATE.MSCFD,2627.3
2026-04-22T22:00:00+00:00,FMRATE.MSCFD,2698.0
2026-04-22T23:00:00+00:00,FMRATE.MSCFD,2866.1
2026-04-23T00:00:00+00:00,FMRATE.MSCFD,2675.6
2026-04-23T01:00:00+00:00,FMRATE.MSCFD,2597.5
2026-04-23T02:00:00+00:00,FMRATE.MSCFD,2723.7
2026-04-23T03:00:00+00:00,FMRATE.MSCFD,2667.8
2026-04-23T04:00:00+00:00,FMRATE.MSCFD,2698.7
2026-04-23T05:00:00+00:00,FMRATE.MSCFD,2627.9
2026-04-23T06:00:00+00:00,FMRATE.MSCFD,2803.0
2026-04-23T07:00:00+00:00,FMRATE.MSCFD,2790.7
2026-04-23T08:00:00+00:00,FMRATE.MSCFD,2879.5
2026-04-23T09:00:00+00:00,FMRATE.MSCFD,2821.4
2026-04-23T10:00:00+00:00,FMRATE.MSCFD,2870.1
2026-04-23T11:00:00+00:00,FMRATE.MSCFD,2842.3
2026-04-23T12:00:00+00:00,FMRATE.MSCFD,2886.6
2026-04-23T13:00:00+00:00,FMRATE.MSCFD,2961.4
2026-04-23T14:00:00+00:00,FMRATE.MSCFD,2832.8
2026-04-23T15:00:00+00:00,FMRATE.MSCFD,2826.9
2026-04-23T16:00:00+00:00,FMRATE.MSCFD,2677.1
2026-04-23T17:00:00+00:00,FMRATE.MSCFD,2763.8
2026-04-23T18:00:00+00:00,FMRATE.MSCFD,2802.8
2026-04-23T19:00:00+00:00,FMRATE.MSCFD,2876.1
2026-04-23T20:00:00+00:00,FMRATE.MSCFD,2841.2
2026-04-23T21:00:00+00:00,FMRATE.MSCFD,2711.9
2026-04-23T22:00:00+00:00,FMRATE.MSCFD,2600.6
2026-04-23T23:00:00+00:00,FMRATE.MSCFD,2720.3
2026-04-24T00:00:00+00:00,FMRATE.MSCFD,2581.9
2026-04-24T01:00:00+00:00,FMRATE.MSCFD,2784.8
2026-04-24T02:00:00+00:00,FMRATE.MSCFD,2779.6
2026-04-24T03:00:00+00:00,FMRATE.MSCFD,2602.2
2026-04-24T04:00:00+00:00,FMRATE.MSCFD,2744.6
2026-04-24T05:00:00+00:00,FMRATE.MSCFD,2697.7
2026-04-24T06:00:00+00:00,FMRATE.MSCFD,2736.4
2026-04-24T07:00:00+00:00,FMRATE.MSCFD,3030.5
2026-04-24T08:00:00+00:00,FMRATE.MSCFD,2909.7
2026-04-24T09:00:00+00:00,FMRATE.MSCFD,2794.9
2026-04-24T10:00:00+00:00,FMRATE.MSCFD,2965.1
2026-04-24T11:00:00+00:00,FMRATE.MSCFD,2736.2
2026-04-24T12:00:00+00:00,FMRATE.MSCFD,3052.5
2026-04-24T13:00:00+00:00,FMRATE.MSCFD,2958.3
2026-04-24T14:00:00+00:00,FMRATE.MSCFD,2752.6
2026-04-24T15:00:00+00:00,FMRATE.MSCFD,2982.8
2026-04-24T16:00:00+00:00,FMRATE.MSCFD,2851.1
2026-04-24T17:00:00+00:00,FMRATE.MSCFD,2880.0
2026-04-24T18:00:00+00:00,FMRATE.MSCFD,2841.1
2026-04-24T19:00:00+00:00,FMRATE.MSCFD,2744.6
2026-04-24T20:00:00+00:00,FMRATE.MSCFD,2871.9
2026-04-24T21:00:00+00:00,FMRATE.MSCFD,2783.5
2026-04-24T22:00:00+00:00,FMRATE.MSCFD,2799.1
2026-04-24T23:00:00+00:00,FMRATE.MSCFD,2804.5
2026-04-25T00:00:00+00:00,FMRATE.MSCFD,2751.1
2026-04-25T01:00:00+00:00,FMRATE.MSCFD,2478.6
2026-04-25T02:00:00+00:00,FMRATE.MSCFD,2743.9
2026-04-25T03:00:00+00:00,FMRATE.MSCFD,2653.3
2026-04-25T04:00:00+00:00,FMRATE.MSCFD,2714.5
2026-04-25T05:00:00+00:00,FMRATE.MSCFD,2718.9
2026-04-25T06:00:00+00:00,FMRATE.MSCFD,2770.0
2026-04-25T07:00:00+00:00,FMRATE.MSCFD,2943.3
2026-04-25T08:00:00+00:00,FMRATE.MSCFD,2766.9
2026-04-25T09:00:00+00:00,FMRATE.MSCFD,2745.0
2026-04-25T10:00:00+00:00,FMRATE.MSCFD,2806.3
2026-04-25T11:00:00+00:00,FMRATE.MSCFD,2796.5
2026-04-25T12:00:00+00:00,FMRATE.MSCFD,2923.2
2026-04-25T13:00:00+00:00,FMRATE.MSCFD,2960.0
2026-04-25T14:00:00+00:00,FMRATE.MSCFD,2940.5
2026-04-25T15:00:00+00:00,FMRATE.MSCFD,2853.5
2026-04-25T16:00:00+00:00,FMRATE.MSCFD,2800.3
2026-04-25T17:00:00+00:00,FMRATE.MSCFD,3035.2
2026-04-25T18:00:00+00:00,FMRATE.MSCFD,2688.8
2026-04-25T19:00:00+00:00,FMRATE.MSCFD,2652.5
2026-04-25T20:00:00+00:00,FMRATE.MSCFD,2748.4
2026-04-25T21:00:00+00:00,FMRATE.MSCFD,2593.6
2026-04-25T22:00:00+00:00,FMRATE.MSCFD,2650.1
2026-04-25T23:00:00+00:00,FMRATE.MSCFD,2709.6
2026-04-26T00:00:00+00:00,FMRATE.MSCFD,2759.3
2026-04-26T01:00:00+00:00,FMRATE.MSCFD,2689.2
2026-04-26T02:00:00+00:00,FMRATE.MSCFD,2657.8
2026-04-26T03:00:00+00:00,FMRATE.MSCFD,2730.4
2026-04-26T04:00:00+00:00,FMRATE.MSCFD,2731.1
2026-04-26T05:00:00+00:00,FMRATE.MSCFD,2685.2
2026-04-26T06:00:00+00:00,FMRATE.MSCFD,2730.8
2026-04-26T07:00:00+00:00,FMRATE.MSCFD,2841.8
2026-04-26T08:00:00+00:00,FMRATE.MSCFD,2758.5
2026-04-26T09:00:00+00:00,FMRATE.MSCFD,2886.5
2026-04-26T10:00:00+00:00,FMRATE.MSCFD,2848.8
2026-04-26T11:00:00+00:00,FMRATE.MSCFD,2826.0
2026-04-26T12:00:00+00:00,FMRATE.MSCFD,2924.0
2026-04-26T13:00:00+00:00,FMRATE.MSCFD,2823.2
2026-04-26T14:00:00+00:00,FMRATE.MSCFD,2753.8
2026-04-26T15:00:00+00:00,FMRATE.MSCFD,2911.4
2026-04-26T16:00:00+00:00,FMRATE.MSCFD,2807.1
2026-04-26T17:00:00+00:00,FMRATE.MSCFD,2835.8
2026-04-26T18:00:00+00:00,FMRATE.MSCFD,2756.6
2026-04-26T19:00:00+00:00,FMRATE.MSCFD,2920.9
2026-04-26T20:00:00+00:00,FMRATE.MSCFD,2694.5
2026-04-26T21:00:00+00:00,FMRATE.MSCFD,2828.0
2026-04-26T22:00:00+00:00,FMRATE.MSCFD,2703.8
2026-04-26T23:00:00+00:00,FMRATE.MSCFD,2762.2
2026-04-27T00:00:00+00:00,FMRATE.MSCFD,2628.8
2026-04-27T01:00:00+00:00,FMRATE.MSCFD,2653.4
2026-04-27T02:00:00+00:00,FMRATE.MSCFD,2835.3
2026-04-27T03:00:00+00:00,FMRATE.MSCFD,2642.5
2026-04-27T04:00:00+00:00,FMRATE.MSCFD,2838.6
2026-04-27T05:00:00+00:00,FMRATE.MSCFD,2732.6
2026-04-27T06:00:00+00:00,FMRATE.MSCFD,2809.0
2026-04-27T07:00:00+00:00,FMRATE.MSCFD,2911.9
2026-04-27T08:00:00+00:00,FMRATE.MSCFD,3069.6
2026-04-27T09:00:00+00:00,FMRATE.MSCFD,2848.8
2026-04-27T10:00:00+00:00,FMRATE.MSCFD,2904.2
2026-04-27T11:00:00+00:00,FMRATE.MSCFD,2864.3
2026-04-27T12:00:00+00:00,FMRATE.MSCFD,2887.2
2026-04-27T13:00:00+00:00,FMRATE.MSCFD,2816.6
2026-04-27T14:00:00+00:00,FMRATE.MSCFD,2844.5
2026-04-27T15:00:00+00:00,FMRATE.MSCFD,2903.9
2026-04-27T16:00:00+00:00,FMRATE.MSCFD,2864.9
2026-04-27T17:00:00+00:00,FMRATE.MSCFD,2854.0
2026-04-27T18:00:00+00:00,FMRATE.MSCFD,2658.4
2026-04-27T19:00:00+00:00,FMRATE.MSCFD,2691.2
2026-04-27T20:00:00+00:00,FMRATE.MSCFD,2614.6
2026-04-27T21:00:00+00:00,FMRATE.MSCFD,2801.9
2026-04-27T22:00:00+00:00,FMRATE.MSCFD,2786.5
2026-04-27T23:00:00+00:00,FMRATE.MSCFD,2723.2
2026-04-28T00:00:00+00:00,FMRATE.MSCFD,2744.0
2026-04-28T01:00:00+00:00,FMRATE.MSCFD,2691.6
2026-04-28T02:00:00+00:00,FMRATE.MSCFD,2756.8
2026-04-28T03:00:00+00:00,FMRATE.MSCFD,2673.3
2026-04-28T04:00:00+00:00,FMRATE.MSCFD,2764.7
2026-04-28T05:00:00+00:00,FMRATE.MSCFD,2714.9
2026-04-28T06:00:00+00:00,FMRATE.MSCFD,2864.5
2026-04-28T07:00:00+00:00,FMRATE.MSCFD,2785.4
2026-04-28T08:00:00+00:00,FMRATE.MSCFD,2733.9
2026-04-28T09:00:00+00:00,FMRATE.MSCFD,2864.3
2026-04-28T10:00:00+00:00,FMRATE.MSCFD,3007.2
2026-04-28T11:00:00+00:00,FMRATE.MSCFD,2915.0
2026-04-28T12:00:00+00:00,FMRATE.MSCFD,2781.3
2026-04-28T13:00:00+00:00,FMRATE.MSCFD,2862.6
2026-04-28T14:00:00+00:00,FMRATE.MSCFD,3021.3
2026-04-28T15:00:00+00:00,FMRATE.MSCFD,2821.9
2026-04-28T16:00:00+00:00,FMRATE.MSCFD,2921.6
2026-04-28T17:00:00+00:00,FMRATE.MSCFD,2815.0
2026-04-28T18:00:00+00:00,FMRATE.MSCFD,2719.9
2026-04-28T19:00:00+00:00,FMRATE.MSCFD,2756.5
2026-04-28T20:00:00+00:00,FMRATE.MSCFD,2752.9
2026-04-28T21:00:00+00:00,FMRATE.MSCFD,2729.5
2026-04-28T22:00:00+00:00,FMRATE.MSCFD,2766.2
2026-04-28T23:00:00+00:00,FMRATE.MSCFD,2797.6
2026-04-29T00:00:00+00:00,FMRATE.MSCFD,2629.1
2026-04-29T01:00:00+00:00,FMRATE.MSCFD,2733.8
2026-04-29T02:00:00+00:00,FMRATE.MSCFD,2771.6
2026-04-29T03:00:00+00:00,FMRATE.MSCFD,2890.5
2026-04-29T04:00:00+00:00,FMRATE.MSCFD,2731.9
2026-04-29T05:00:00+00:00,FMRATE.MSCFD,2843.8
2026-04-29T06:00:00+00:00,FMRATE.MSCFD,2887.5
2026-04-29T07:00:00+00:00,FMRATE.MSCFD,2994.6
2026-04-29T08:00:00+00:00,FMRATE.MSCFD,2849.6
2026-04-29T09:00:00+00:00,FMRATE.MSCFD,2796.4
2026-04-29T10:00:00+00:00,FMRATE.MSCFD,2797.3
2026-04-29T11:00:00+00:00,FMRATE.MSCFD,2843.0
2026-04-29T12:00:00+00:00,FMRATE.MSCFD,2862.8
2026-04-29T13:00:00+00:00,FMRATE.MSCFD,2798.5
2026-04-29T14:00:00+00:00,FMRATE.MSCFD,2861.8
2026-04-29T15:00:00+00:00,FMRATE.MSCFD,2857.9
2026-04-29T16:00:00+00:00,FMRATE.MSCFD,2754.9
2026-04-29T17:00:00+00:00,FMRATE.MSCFD,2807.9
2026-04-29T18:00:00+00:00,FMRATE.MSCFD,2955.1
2026-04-29T19:00:00+00:00,FMRATE.MSCFD,2763.4
2026-04-29T20:00:00+00:00,FMRATE.MSCFD,2673.1
2026-04-29T21:00:00+00:00,FMRATE.MSCFD,2840.3
2026-04-29T22:00:00+00:00,FMRATE.MSCFD,2591.2
2026-04-29T23:00:00+00:00,FMRATE.MSCFD,2845.0
2026-04-30T00:00:00+00:00,FMRATE.MSCFD,2791.0
2026-04-30T01:00:00+00:00,FMRATE.MSCFD,2675.1
2026-04-30T02:00:00+00:00,FMRATE.MSCFD,2670.4
2026-04-30T03:00:00+00:00,FMRATE.MSCFD,2767.7
2026-04-30T04:00:00+00:00,FMRATE.MSCFD,2803.9
2026-04-30T05:00:00+00:00,FMRATE.MSCFD,2801.3
2026-04-30T06:00:00+00:00,FMRATE.MSCFD,2884.7
2026-04-30T07:00:00+00:00,FMRATE.MSCFD,2837.7
2026-04-30T08:00:00+00:00,FMRATE.MSCFD,2736.2
2026-04-30T09:00:00+00:00,FMRATE.MSCFD,2738.5
2026-04-30T10:00:00+00:00,FMRATE.MSCFD,2882.4
2026-04-30T11:00:00+00:00,FMRATE.MSCFD,2860.6
2026-04-30T12:00:00+00:00,FMRATE.MSCFD,2821.3
2026-04-30T13:00:00+00:00,FMRATE.MSCFD,2959.2
2026-04-30T14:00:00+00:00,FMRATE.MSCFD,2812.0
2026-04-30T15:00:00+00:00,FMRATE.MSCFD,2803.1
2026-04-30T16:00:00+00:00,FMRATE.MSCFD,2919.2
2026-04-30T17:00:00+00:00,FMRATE.MSCFD,2785.8
2026-04-30T18:00:00+00:00,FMRATE.MSCFD,2811.8
2026-04-30T19:00:00+00:00,FMRATE.MSCFD,2814.2
2026-04-30T20:00:00+00:00,FMRATE.MSCFD,2677.0
2026-04-30T21:00:00+00:00,FMRATE.MSCFD,2778.7
2026-04-30T22:00:00+00:00,FMRATE.MSCFD,2776.9
2026-04-30T23:00:00+00:00,FMRATE.MSCFD,2748.2
2026-04-01T00:00:00+00:00,OHT.TEMP_F,143.09
2026-04-01T01:00:00+00:00,OHT.TEMP_F,147.1
2026-04-01T02:00:00+00:00,OHT.TEMP_F,144.5
2026-04-01T03:00:00+00:00,OHT.TEMP_F,150.41
2026-04-01T04:00:00+00:00,OHT.TEMP_F,148.71
2026-04-01T05:00:00+00:00,OHT.TEMP_F,150.72
2026-04-01T06:00:00+00:00,OHT.TEMP_F,151.51
2026-04-01T07:00:00+00:00,OHT.TEMP_F,151.95
2026-04-01T08:00:00+00:00,OHT.TEMP_F,151.65
2026-04-01T09:00:00+00:00,OHT.TEMP_F,150.07
2026-04-01T10:00:00+00:00,OHT.TEMP_F,148.56
2026-04-01T11:00:00+00:00,OHT.TEMP_F,149.06
2026-04-01T12:00:00+00:00,OHT.TEMP_F,152.38
2026-04-01T13:00:00+00:00,OHT.TEMP_F,150.9
2026-04-01T14:00:00+00:00,OHT.TEMP_F,149.99
2026-04-01T15:00:00+00:00,OHT.TEMP_F,149.94
2026-04-01T16:00:00+00:00,OHT.TEMP_F,150.28
2026-04-01T17:00:00+00:00,OHT.TEMP_F,148.93
2026-04-01T18:00:00+00:00,OHT.TEMP_F,149.75
2026-04-01T19:00:00+00:00,OHT.TEMP_F,147.24
2026-04-01T20:00:00+00:00,OHT.TEMP_F,148.37
2026-04-01T21:00:00+00:00,OHT.TEMP_F,144.92
2026-04-01T22:00:00+00:00,OHT.TEMP_F,143.51
2026-04-01T23:00:00+00:00,OHT.TEMP_F,145.18
2026-04-02T00:00:00+00:00,OHT.TEMP_F,145.83
2026-04-02T01:00:00+00:00,OHT.TEMP_F,141.42
2026-04-02T02:00:00+00:00,OHT.TEMP_F,146.19
2026-04-02T03:00:00+00:00,OHT.TEMP_F,144.75
2026-04-02T04:00:00+00:00,OHT.TEMP_F,143.29
2026-04-02T05:00:00+00:00,OHT.TEMP_F,140.52
2026-04-02T06:00:00+00:00,OHT.TEMP_F,140.22
2026-04-02T07:00:00+00:00,OHT.TEMP_F,140.3
2026-04-02T08:00:00+00:00,OHT.TEMP_F,141.37
2026-04-02T09:00:00+00:00,OHT.TEMP_F,140.75
2026-04-02T10:00:00+00:00,OHT.TEMP_F,139.22
2026-04-02T11:00:00+00:00,OHT.TEMP_F,139.02
2026-04-02T12:00:00+00:00,OHT.TEMP_F,138.14
2026-04-02T13:00:00+00:00,OHT.TEMP_F,142.58
2026-04-02T14:00:00+00:00,OHT.TEMP_F,139.99
2026-04-02T15:00:00+00:00,OHT.TEMP_F,137.74
2026-04-02T16:00:00+00:00,OHT.TEMP_F,137.36
2026-04-02T17:00:00+00:00,OHT.TEMP_F,141.31
2026-04-02T18:00:00+00:00,OHT.TEMP_F,143.04
2026-04-02T19:00:00+00:00,OHT.TEMP_F,141.15
2026-04-02T20:00:00+00:00,OHT.TEMP_F,143.29
2026-04-02T21:00:00+00:00,OHT.TEMP_F,144.48
2026-04-02T22:00:00+00:00,OHT.TEMP_F,143.9
2026-04-02T23:00:00+00:00,OHT.TEMP_F,142.63
2026-04-03T00:00:00+00:00,OHT.TEMP_F,147.11
2026-04-03T01:00:00+00:00,OHT.TEMP_F,146.76
2026-04-03T02:00:00+00:00,OHT.TEMP_F,145.4
2026-04-03T03:00:00+00:00,OHT.TEMP_F,147.82
2026-04-03T04:00:00+00:00,OHT.TEMP_F,149.84
2026-04-03T05:00:00+00:00,OHT.TEMP_F,151.46
2026-04-03T06:00:00+00:00,OHT.TEMP_F,149.69
2026-04-03T07:00:00+00:00,OHT.TEMP_F,147.84
2026-04-03T08:00:00+00:00,OHT.TEMP_F,148.89
2026-04-03T09:00:00+00:00,OHT.TEMP_F,152.81
2026-04-03T10:00:00+00:00,OHT.TEMP_F,153.06
2026-04-03T11:00:00+00:00,OHT.TEMP_F,152.71
2026-04-03T12:00:00+00:00,OHT.TEMP_F,151.34
2026-04-03T13:00:00+00:00,OHT.TEMP_F,155.25
2026-04-03T14:00:00+00:00,OHT.TEMP_F,151.03
2026-04-03T15:00:00+00:00,OHT.TEMP_F,149.63
2026-04-03T16:00:00+00:00,OHT.TEMP_F,148.96
2026-04-03T17:00:00+00:00,OHT.TEMP_F,151.04
2026-04-03T18:00:00+00:00,OHT.TEMP_F,149.36
2026-04-03T19:00:00+00:00,OHT.TEMP_F,149.3
2026-04-03T20:00:00+00:00,OHT.TEMP_F,149.72
2026-04-03T21:00:00+00:00,OHT.TEMP_F,146.49
2026-04-03T22:00:00+00:00,OHT.TEMP_F,145.0
2026-04-03T23:00:00+00:00,OHT.TEMP_F,143.88
2026-04-04T00:00:00+00:00,OHT.TEMP_F,147.39
2026-04-04T01:00:00+00:00,OHT.TEMP_F,141.96
2026-04-04T02:00:00+00:00,OHT.TEMP_F,142.32
2026-04-04T03:00:00+00:00,OHT.TEMP_F,142.68
2026-04-04T04:00:00+00:00,OHT.TEMP_F,142.56
2026-04-04T05:00:00+00:00,OHT.TEMP_F,140.92
2026-04-04T06:00:00+00:00,OHT.TEMP_F,141.23
2026-04-04T07:00:00+00:00,OHT.TEMP_F,138.48
2026-04-04T08:00:00+00:00,OHT.TEMP_F,136.62
2026-04-04T09:00:00+00:00,OHT.TEMP_F,140.69
2026-04-04T10:00:00+00:00,OHT.TEMP_F,139.69
2026-04-04T11:00:00+00:00,OHT.TEMP_F,140.16
2026-04-04T12:00:00+00:00,OHT.TEMP_F,141.27
2026-04-04T13:00:00+00:00,OHT.TEMP_F,140.67
2026-04-04T14:00:00+00:00,OHT.TEMP_F,138.97
2026-04-04T15:00:00+00:00,OHT.TEMP_F,139.12
2026-04-04T16:00:00+00:00,OHT.TEMP_F,141.46
2026-04-04T17:00:00+00:00,OHT.TEMP_F,137.73
2026-04-04T18:00:00+00:00,OHT.TEMP_F,143.85
2026-04-04T19:00:00+00:00,OHT.TEMP_F,140.35
2026-04-04T20:00:00+00:00,OHT.TEMP_F,142.43
2026-04-04T21:00:00+00:00,OHT.TEMP_F,141.51
2026-04-04T22:00:00+00:00,OHT.TEMP_F,146.26
2026-04-04T23:00:00+00:00,OHT.TEMP_F,143.73
2026-04-05T00:00:00+00:00,OHT.TEMP_F,145.01
2026-04-05T01:00:00+00:00,OHT.TEMP_F,145.65
2026-04-05T02:00:00+00:00,OHT.TEMP_F,147.15
2026-04-05T03:00:00+00:00,OHT.TEMP_F,148.19
2026-04-05T04:00:00+00:00,OHT.TEMP_F,149.43
2026-04-05T05:00:00+00:00,OHT.TEMP_F,147.76
2026-04-05T06:00:00+00:00,OHT.TEMP_F,148.02
2026-04-05T07:00:00+00:00,OHT.TEMP_F,150.28
2026-04-05T08:00:00+00:00,OHT.TEMP_F,149.99
2026-04-05T09:00:00+00:00,OHT.TEMP_F,150.6
2026-04-05T10:00:00+00:00,OHT.TEMP_F,150.64
2026-04-05T11:00:00+00:00,OHT.TEMP_F,151.49
2026-04-05T12:00:00+00:00,OHT.TEMP_F,150.11
2026-04-05T13:00:00+00:00,OHT.TEMP_F,149.27
2026-04-05T14:00:00+00:00,OHT.TEMP_F,152.63
2026-04-05T15:00:00+00:00,OHT.TEMP_F,152.3
2026-04-05T16:00:00+00:00,OHT.TEMP_F,150.42
2026-04-05T17:00:00+00:00,OHT.TEMP_F,150.26
2026-04-05T18:00:00+00:00,OHT.TEMP_F,149.32
2026-04-05T19:00:00+00:00,OHT.TEMP_F,146.98
2026-04-05T20:00:00+00:00,OHT.TEMP_F,149.35
2026-04-05T21:00:00+00:00,OHT.TEMP_F,146.78
2026-04-05T22:00:00+00:00,OHT.TEMP_F,147.05
2026-04-05T23:00:00+00:00,OHT.TEMP_F,144.26
2026-04-06T00:00:00+00:00,OHT.TEMP_F,147.94
2026-04-06T01:00:00+00:00,OHT.TEMP_F,146.05
2026-04-06T02:00:00+00:00,OHT.TEMP_F,144.25
2026-04-06T03:00:00+00:00,OHT.TEMP_F,142.9
2026-04-06T04:00:00+00:00,OHT.TEMP_F,141.79
2026-04-06T05:00:00+00:00,OHT.TEMP_F,140.49
2026-04-06T06:00:00+00:00,OHT.TEMP_F,141.44
2026-04-06T07:00:00+00:00,OHT.TEMP_F,140.96
2026-04-06T08:00:00+00:00,OHT.TEMP_F,138.78
2026-04-06T09:00:00+00:00,OHT.TEMP_F,139.49
2026-04-06T10:00:00+00:00,OHT.TEMP_F,138.61
2026-04-06T11:00:00+00:00,OHT.TEMP_F,141.99
2026-04-06T12:00:00+00:00,OHT.TEMP_F,139.7
2026-04-06T13:00:00+00:00,OHT.TEMP_F,136.94
2026-04-06T14:00:00+00:00,OHT.TEMP_F,140.99
2026-04-06T15:00:00+00:00,OHT.TEMP_F,141.55
2026-04-06T16:00:00+00:00,OHT.TEMP_F,141.53
2026-04-06T17:00:00+00:00,OHT.TEMP_F,140.17
2026-04-06T18:00:00+00:00,OHT.TEMP_F,139.55
2026-04-06T19:00:00+00:00,OHT.TEMP_F,141.74
2026-04-06T20:00:00+00:00,OHT.TEMP_F,145.03
2026-04-06T21:00:00+00:00,OHT.TEMP_F,143.6
2026-04-06T22:00:00+00:00,OHT.TEMP_F,143.98
2026-04-06T23:00:00+00:00,OHT.TEMP_F,146.03
2026-04-07T00:00:00+00:00,OHT.TEMP_F,146.25
2026-04-07T01:00:00+00:00,OHT.TEMP_F,147.52
2026-04-07T02:00:00+00:00,OHT.TEMP_F,144.71
2026-04-07T03:00:00+00:00,OHT.TEMP_F,145.44
2026-04-07T04:00:00+00:00,OHT.TEMP_F,146.41
2026-04-07T05:00:00+00:00,OHT.TEMP_F,148.44
2026-04-07T06:00:00+00:00,OHT.TEMP_F,150.07
2026-04-07T07:00:00+00:00,OHT.TEMP_F,151.53
2026-04-07T08:00:00+00:00,OHT.TEMP_F,150.07
2026-04-07T09:00:00+00:00,OHT.TEMP_F,150.51
2026-04-07T10:00:00+00:00,OHT.TEMP_F,152.23
2026-04-07T11:00:00+00:00,OHT.TEMP_F,150.89
2026-04-07T12:00:00+00:00,OHT.TEMP_F,149.85
2026-04-07T13:00:00+00:00,OHT.TEMP_F,151.81
2026-04-07T14:00:00+00:00,OHT.TEMP_F,153.73
2026-04-07T15:00:00+00:00,OHT.TEMP_F,151.17
2026-04-07T16:00:00+00:00,OHT.TEMP_F,152.87
2026-04-07T17:00:00+00:00,OHT.TEMP_F,151.61
2026-04-07T18:00:00+00:00,OHT.TEMP_F,147.88
2026-04-07T19:00:00+00:00,OHT.TEMP_F,150.68
2026-04-07T20:00:00+00:00,OHT.TEMP_F,146.33
2026-04-07T21:00:00+00:00,OHT.TEMP_F,148.34
2026-04-07T22:00:00+00:00,OHT.TEMP_F,147.64
2026-04-07T23:00:00+00:00,OHT.TEMP_F,145.96
2026-04-08T00:00:00+00:00,OHT.TEMP_F,144.08
2026-04-08T01:00:00+00:00,OHT.TEMP_F,145.41
2026-04-08T02:00:00+00:00,OHT.TEMP_F,148.73
2026-04-08T03:00:00+00:00,OHT.TEMP_F,142.16
2026-04-08T04:00:00+00:00,OHT.TEMP_F,141.72
2026-04-08T05:00:00+00:00,OHT.TEMP_F,140.15
2026-04-08T06:00:00+00:00,OHT.TEMP_F,139.84
2026-04-08T07:00:00+00:00,OHT.TEMP_F,142.37
2026-04-08T08:00:00+00:00,OHT.TEMP_F,140.09
2026-04-08T09:00:00+00:00,OHT.TEMP_F,141.72
2026-04-08T10:00:00+00:00,OHT.TEMP_F,137.83
2026-04-08T11:00:00+00:00,OHT.TEMP_F,141.36
2026-04-08T12:00:00+00:00,OHT.TEMP_F,142.64
2026-04-08T13:00:00+00:00,OHT.TEMP_F,138.41
2026-04-08T14:00:00+00:00,OHT.TEMP_F,135.66
2026-04-08T15:00:00+00:00,OHT.TEMP_F,140.59
2026-04-08T16:00:00+00:00,OHT.TEMP_F,140.79
2026-04-08T17:00:00+00:00,OHT.TEMP_F,140.33
2026-04-08T18:00:00+00:00,OHT.TEMP_F,141.38
2026-04-08T19:00:00+00:00,OHT.TEMP_F,141.14
2026-04-08T20:00:00+00:00,OHT.TEMP_F,139.41
2026-04-08T21:00:00+00:00,OHT.TEMP_F,144.2
2026-04-08T22:00:00+00:00,OHT.TEMP_F,142.62
2026-04-08T23:00:00+00:00,OHT.TEMP_F,143.2
2026-04-09T00:00:00+00:00,OHT.TEMP_F,144.31
2026-04-09T01:00:00+00:00,OHT.TEMP_F,145.3
2026-04-09T02:00:00+00:00,OHT.TEMP_F,147.26
2026-04-09T03:00:00+00:00,OHT.TEMP_F,146.69
2026-04-09T04:00:00+00:00,OHT.TEMP_F,147.82
2026-04-09T05:00:00+00:00,OHT.TEMP_F,149.58
2026-04-09T06:00:00+00:00,OHT.TEMP_F,146.57
2026-04-09T07:00:00+00:00,OHT.TEMP_F,150.98
2026-04-09T08:00:00+00:00,OHT.TEMP_F,150.87
2026-04-09T09:00:00+00:00,OHT.TEMP_F,149.18
2026-04-09T10:00:00+00:00,OHT.TEMP_F,149.46
2026-04-09T11:00:00+00:00,OHT.TEMP_F,150.23
2026-04-09T12:00:00+00:00,OHT.TEMP_F,152.73
2026-04-09T13:00:00+00:00,OHT.TEMP_F,149.88
2026-04-09T14:00:00+00:00,OHT.TEMP_F,150.75
2026-04-09T15:00:00+00:00,OHT.TEMP_F,151.5
2026-04-09T16:00:00+00:00,OHT.TEMP_F,149.83
2026-04-09T17:00:00+00:00,OHT.TEMP_F,149.44
2026-04-09T18:00:00+00:00,OHT.TEMP_F,150.95
2026-04-09T19:00:00+00:00,OHT.TEMP_F,146.97
2026-04-09T20:00:00+00:00,OHT.TEMP_F,147.72
2026-04-09T21:00:00+00:00,OHT.TEMP_F,147.36
2026-04-09T22:00:00+00:00,OHT.TEMP_F,146.09
2026-04-09T23:00:00+00:00,OHT.TEMP_F,145.51
2026-04-10T00:00:00+00:00,OHT.TEMP_F,142.86
2026-04-10T01:00:00+00:00,OHT.TEMP_F,145.77
2026-04-10T02:00:00+00:00,OHT.TEMP_F,143.98
2026-04-10T03:00:00+00:00,OHT.TEMP_F,143.01
2026-04-10T04:00:00+00:00,OHT.TEMP_F,142.43
2026-04-10T05:00:00+00:00,OHT.TEMP_F,141.73
2026-04-10T06:00:00+00:00,OHT.TEMP_F,138.86
2026-04-10T07:00:00+00:00,OHT.TEMP_F,140.73
2026-04-10T08:00:00+00:00,OHT.TEMP_F,137.04
2026-04-10T09:00:00+00:00,OHT.TEMP_F,140.58
2026-04-10T10:00:00+00:00,OHT.TEMP_F,139.61
2026-04-10T11:00:00+00:00,OHT.TEMP_F,137.74
2026-04-10T12:00:00+00:00,OHT.TEMP_F,137.02
2026-04-10T13:00:00+00:00,OHT.TEMP_F,137.72
2026-04-10T14:00:00+00:00,OHT.TEMP_F,141.36
2026-04-10T15:00:00+00:00,OHT.TEMP_F,137.98
2026-04-10T16:00:00+00:00,OHT.TEMP_F,140.39
2026-04-10T17:00:00+00:00,OHT.TEMP_F,141.52
2026-04-10T18:00:00+00:00,OHT.TEMP_F,141.69
2026-04-10T19:00:00+00:00,OHT.TEMP_F,140.87
2026-04-10T20:00:00+00:00,OHT.TEMP_F,142.32
2026-04-10T21:00:00+00:00,OHT.TEMP_F,143.59
2026-04-10T22:00:00+00:00,OHT.TEMP_F,142.53
2026-04-10T23:00:00+00:00,OHT.TEMP_F,144.43
2026-04-11T00:00:00+00:00,OHT.TEMP_F,142.91
2026-04-11T01:00:00+00:00,OHT.TEMP_F,145.6
2026-04-11T02:00:00+00:00,OHT.TEMP_F,148.26
2026-04-11T03:00:00+00:00,OHT.TEMP_F,147.69
2026-04-11T04:00:00+00:00,OHT.TEMP_F,147.2
2026-04-11T05:00:00+00:00,OHT.TEMP_F,149.04
2026-04-11T06:00:00+00:00,OHT.TEMP_F,151.05
2026-04-11T07:00:00+00:00,OHT.TEMP_F,152.92
2026-04-11T08:00:00+00:00,OHT.TEMP_F,148.35
2026-04-11T09:00:00+00:00,OHT.TEMP_F,151.48
2026-04-11T10:00:00+00:00,OHT.TEMP_F,151.26
2026-04-11T11:00:00+00:00,OHT.TEMP_F,149.92
2026-04-11T12:00:00+00:00,OHT.TEMP_F,153.13
2026-04-11T13:00:00+00:00,OHT.TEMP_F,153.42
2026-04-11T14:00:00+00:00,OHT.TEMP_F,150.34
2026-04-11T15:00:00+00:00,OHT.TEMP_F,151.41
2026-04-11T16:00:00+00:00,OHT.TEMP_F,147.19
2026-04-11T17:00:00+00:00,OHT.TEMP_F,150.27
2026-04-11T18:00:00+00:00,OHT.TEMP_F,148.84
2026-04-11T19:00:00+00:00,OHT.TEMP_F,147.84
2026-04-11T20:00:00+00:00,OHT.TEMP_F,149.14
2026-04-11T21:00:00+00:00,OHT.TEMP_F,147.54
2026-04-11T22:00:00+00:00,OHT.TEMP_F,149.18
2026-04-11T23:00:00+00:00,OHT.TEMP_F,144.25
2026-04-12T00:00:00+00:00,OHT.TEMP_F,144.49
2026-04-12T01:00:00+00:00,OHT.TEMP_F,144.06
2026-04-12T02:00:00+00:00,OHT.TEMP_F,140.59
2026-04-12T03:00:00+00:00,OHT.TEMP_F,144.58
2026-04-12T04:00:00+00:00,OHT.TEMP_F,142.91
2026-04-12T05:00:00+00:00,OHT.TEMP_F,142.76
2026-04-12T06:00:00+00:00,OHT.TEMP_F,140.84
2026-04-12T07:00:00+00:00,OHT.TEMP_F,142.04
2026-04-12T08:00:00+00:00,OHT.TEMP_F,141.41
2026-04-12T09:00:00+00:00,OHT.TEMP_F,141.52
2026-04-12T10:00:00+00:00,OHT.TEMP_F,137.51
2026-04-12T11:00:00+00:00,OHT.TEMP_F,140.09
2026-04-12T12:00:00+00:00,OHT.TEMP_F,138.14
2026-04-12T13:00:00+00:00,OHT.TEMP_F,137.97
2026-04-12T14:00:00+00:00,OHT.TEMP_F,141.23
2026-04-12T15:00:00+00:00,OHT.TEMP_F,140.69
2026-04-12T16:00:00+00:00,OHT.TEMP_F,139.79
2026-04-12T17:00:00+00:00,OHT.TEMP_F,140.69
2026-04-12T18:00:00+00:00,OHT.TEMP_F,142.7
2026-04-12T19:00:00+00:00,OHT.TEMP_F,141.73
2026-04-12T20:00:00+00:00,OHT.TEMP_F,140.65
2026-04-12T21:00:00+00:00,OHT.TEMP_F,145.01
2026-04-12T22:00:00+00:00,OHT.TEMP_F,143.52
2026-04-12T23:00:00+00:00,OHT.TEMP_F,142.69
2026-04-13T00:00:00+00:00,OHT.TEMP_F,144.31
2026-04-13T01:00:00+00:00,OHT.TEMP_F,142.79
2026-04-13T02:00:00+00:00,OHT.TEMP_F,145.11
2026-04-13T03:00:00+00:00,OHT.TEMP_F,147.25
2026-04-13T04:00:00+00:00,OHT.TEMP_F,151.21
2026-04-13T05:00:00+00:00,OHT.TEMP_F,148.51
2026-04-13T06:00:00+00:00,OHT.TEMP_F,147.09
2026-04-13T07:00:00+00:00,OHT.TEMP_F,150.91
2026-04-13T08:00:00+00:00,OHT.TEMP_F,148.51
2026-04-13T09:00:00+00:00,OHT.TEMP_F,149.61
2026-04-13T10:00:00+00:00,OHT.TEMP_F,148.18
2026-04-13T11:00:00+00:00,OHT.TEMP_F,150.01
2026-04-13T12:00:00+00:00,OHT.TEMP_F,151.84
2026-04-13T13:00:00+00:00,OHT.TEMP_F,153.1
2026-04-13T14:00:00+00:00,OHT.TEMP_F,151.1
2026-04-13T15:00:00+00:00,OHT.TEMP_F,150.18
2026-04-13T16:00:00+00:00,OHT.TEMP_F,152.17
2026-04-13T17:00:00+00:00,OHT.TEMP_F,146.12
2026-04-13T18:00:00+00:00,OHT.TEMP_F,150.34
2026-04-13T19:00:00+00:00,OHT.TEMP_F,150.28
2026-04-13T20:00:00+00:00,OHT.TEMP_F,149.89
2026-04-13T21:00:00+00:00,OHT.TEMP_F,147.94
2026-04-13T22:00:00+00:00,OHT.TEMP_F,147.89
2026-04-13T23:00:00+00:00,OHT.TEMP_F,147.92
2026-04-14T00:00:00+00:00,OHT.TEMP_F,147.62
2026-04-14T01:00:00+00:00,OHT.TEMP_F,145.29
2026-04-14T02:00:00+00:00,OHT.TEMP_F,144.63
2026-04-14T03:00:00+00:00,OHT.TEMP_F,143.31
2026-04-14T04:00:00+00:00,OHT.TEMP_F,142.2
2026-04-14T05:00:00+00:00,OHT.TEMP_F,141.95
2026-04-14T06:00:00+00:00,OHT.TEMP_F,142.31
2026-04-14T07:00:00+00:00,OHT.TEMP_F,140.2
2026-04-14T08:00:00+00:00,OHT.TEMP_F,139.18
2026-04-14T09:00:00+00:00,OHT.TEMP_F,139.48
2026-04-14T10:00:00+00:00,OHT.TEMP_F,139.85
2026-04-14T11:00:00+00:00,OHT.TEMP_F,139.64
2026-04-14T12:00:00+00:00,OHT.TEMP_F,139.44
2026-04-14T13:00:00+00:00,OHT.TEMP_F,140.17
2026-04-14T14:00:00+00:00,OHT.TEMP_F,139.38
2026-04-14T15:00:00+00:00,OHT.TEMP_F,141.48
2026-04-14T16:00:00+00:00,OHT.TEMP_F,137.4
2026-04-14T17:00:00+00:00,OHT.TEMP_F,141.17
2026-04-14T18:00:00+00:00,OHT.TEMP_F,140.71
2026-04-14T19:00:00+00:00,OHT.TEMP_F,143.16
2026-04-14T20:00:00+00:00,OHT.TEMP_F,142.83
2026-04-14T21:00:00+00:00,OHT.TEMP_F,140.99
2026-04-14T22:00:00+00:00,OHT.TEMP_F,141.55
2026-04-14T23:00:00+00:00,OHT.TEMP_F,146.62
2026-04-15T00:00:00+00:00,OHT.TEMP_F,144.78
2026-04-15T01:00:00+00:00,OHT.TEMP_F,147.48
2026-04-15T02:00:00+00:00,OHT.TEMP_F,144.84
2026-04-15T03:00:00+00:00,OHT.TEMP_F,146.67
2026-04-15T04:00:00+00:00,OHT.TEMP_F,148.32
2026-04-15T05:00:00+00:00,OHT.TEMP_F,146.66
2026-04-15T06:00:00+00:00,OHT.TEMP_F,149.36
2026-04-15T07:00:00+00:00,OHT.TEMP_F,151.62
2026-04-15T08:00:00+00:00,OHT.TEMP_F,149.94
2026-04-15T09:00:00+00:00,OHT.TEMP_F,151.34
2026-04-15T10:00:00+00:00,OHT.TEMP_F,150.0
2026-04-15T11:00:00+00:00,OHT.TEMP_F,150.3
2026-04-15T12:00:00+00:00,OHT.TEMP_F,153.02
2026-04-15T13:00:00+00:00,OHT.TEMP_F,151.9
2026-04-15T14:00:00+00:00,OHT.TEMP_F,150.45
2026-04-15T15:00:00+00:00,OHT.TEMP_F,151.51
2026-04-15T16:00:00+00:00,OHT.TEMP_F,148.61
2026-04-15T17:00:00+00:00,OHT.TEMP_F,148.01
2026-04-15T18:00:00+00:00,OHT.TEMP_F,147.52
2026-04-15T19:00:00+00:00,OHT.TEMP_F,147.75
2026-04-15T20:00:00+00:00,OHT.TEMP_F,147.18
2026-04-15T21:00:00+00:00,OHT.TEMP_F,149.58
2026-04-15T22:00:00+00:00,OHT.TEMP_F,145.7
2026-04-15T23:00:00+00:00,OHT.TEMP_F,144.19
2026-04-16T00:00:00+00:00,OHT.TEMP_F,142.51
2026-04-16T01:00:00+00:00,OHT.TEMP_F,145.91
2026-04-16T02:00:00+00:00,OHT.TEMP_F,143.98
2026-04-16T03:00:00+00:00,OHT.TEMP_F,144.29
2026-04-16T04:00:00+00:00,OHT.TEMP_F,141.31
2026-04-16T05:00:00+00:00,OHT.TEMP_F,139.76
2026-04-16T06:00:00+00:00,OHT.TEMP_F,139.23
2026-04-16T07:00:00+00:00,OHT.TEMP_F,141.18
2026-04-16T08:00:00+00:00,OHT.TEMP_F,140.27
2026-04-16T09:00:00+00:00,OHT.TEMP_F,137.21
2026-04-16T10:00:00+00:00,OHT.TEMP_F,138.96
2026-04-16T11:00:00+00:00,OHT.TEMP_F,137.49
2026-04-16T12:00:00+00:00,OHT.TEMP_F,139.13
2026-04-16T13:00:00+00:00,OHT.TEMP_F,139.0
2026-04-16T14:00:00+00:00,OHT.TEMP_F,140.2
2026-04-16T15:00:00+00:00,OHT.TEMP_F,136.97
2026-04-16T16:00:00+00:00,OHT.TEMP_F,139.77
2026-04-16T17:00:00+00:00,OHT.TEMP_F,140.63
2026-04-16T18:00:00+00:00,OHT.TEMP_F,139.89
2026-04-16T19:00:00+00:00,OHT.TEMP_F,139.33
2026-04-16T20:00:00+00:00,OHT.TEMP_F,142.21
2026-04-16T21:00:00+00:00,OHT.TEMP_F,144.25
2026-04-16T22:00:00+00:00,OHT.TEMP_F,143.5
2026-04-16T23:00:00+00:00,OHT.TEMP_F,143.87
2026-04-17T00:00:00+00:00,OHT.TEMP_F,141.61
2026-04-17T01:00:00+00:00,OHT.TEMP_F,145.68
2026-04-17T02:00:00+00:00,OHT.TEMP_F,147.45
2026-04-17T03:00:00+00:00,OHT.TEMP_F,148.66
2026-04-17T04:00:00+00:00,OHT.TEMP_F,147.98
2026-04-17T05:00:00+00:00,OHT.TEMP_F,146.09
2026-04-17T06:00:00+00:00,OHT.TEMP_F,149.15
2026-04-17T07:00:00+00:00,OHT.TEMP_F,150.4
2026-04-17T08:00:00+00:00,OHT.TEMP_F,150.02
2026-04-17T09:00:00+00:00,OHT.TEMP_F,153.62
2026-04-17T10:00:00+00:00,OHT.TEMP_F,150.33
2026-04-17T11:00:00+00:00,OHT.TEMP_F,150.85
2026-04-17T12:00:00+00:00,OHT.TEMP_F,153.08
2026-04-17T13:00:00+00:00,OHT.TEMP_F,152.0
2026-04-17T14:00:00+00:00,OHT.TEMP_F,152.22
2026-04-17T15:00:00+00:00,OHT.TEMP_F,148.9
2026-04-17T16:00:00+00:00,OHT.TEMP_F,150.64
2026-04-17T17:00:00+00:00,OHT.TEMP_F,148.97
2026-04-17T18:00:00+00:00,OHT.TEMP_F,150.64
2026-04-17T19:00:00+00:00,OHT.TEMP_F,150.07
2026-04-17T20:00:00+00:00,OHT.TEMP_F,147.54
2026-04-17T21:00:00+00:00,OHT.TEMP_F,147.68
2026-04-17T22:00:00+00:00,OHT.TEMP_F,145.06
2026-04-17T23:00:00+00:00,OHT.TEMP_F,145.15
2026-04-18T00:00:00+00:00,OHT.TEMP_F,146.34
2026-04-18T01:00:00+00:00,OHT.TEMP_F,141.83
2026-04-18T02:00:00+00:00,OHT.TEMP_F,145.56
2026-04-18T03:00:00+00:00,OHT.TEMP_F,143.05
2026-04-18T04:00:00+00:00,OHT.TEMP_F,140.2
2026-04-18T05:00:00+00:00,OHT.TEMP_F,141.42
2026-04-18T06:00:00+00:00,OHT.TEMP_F,139.75
2026-04-18T07:00:00+00:00,OHT.TEMP_F,140.92
2026-04-18T08:00:00+00:00,OHT.TEMP_F,143.3
2026-04-18T09:00:00+00:00,OHT.TEMP_F,138.02
2026-04-18T10:00:00+00:00,OHT.TEMP_F,140.46
2026-04-18T11:00:00+00:00,OHT.TEMP_F,137.9
2026-04-18T12:00:00+00:00,OHT.TEMP_F,137.92
2026-04-18T13:00:00+00:00,OHT.TEMP_F,139.89
2026-04-18T14:00:00+00:00,OHT.TEMP_F,138.73
2026-04-18T15:00:00+00:00,OHT.TEMP_F,137.37
2026-04-18T16:00:00+00:00,OHT.TEMP_F,140.81
2026-04-18T17:00:00+00:00,OHT.TEMP_F,138.31
2026-04-18T18:00:00+00:00,OHT.TEMP_F,141.05
2026-04-18T19:00:00+00:00,OHT.TEMP_F,140.73
2026-04-18T20:00:00+00:00,OHT.TEMP_F,140.87
2026-04-18T21:00:00+00:00,OHT.TEMP_F,144.22
2026-04-18T22:00:00+00:00,OHT.TEMP_F,142.33
2026-04-18T23:00:00+00:00,OHT.TEMP_F,145.99
2026-04-19T00:00:00+00:00,OHT.TEMP_F,145.89
2026-04-19T01:00:00+00:00,OHT.TEMP_F,145.55
2026-04-19T02:00:00+00:00,OHT.TEMP_F,144.44
2026-04-19T03:00:00+00:00,OHT.TEMP_F,146.83
2026-04-19T04:00:00+00:00,OHT.TEMP_F,147.5
2026-04-19T05:00:00+00:00,OHT.TEMP_F,149.95
2026-04-19T06:00:00+00:00,OHT.TEMP_F,149.55
2026-04-19T07:00:00+00:00,OHT.TEMP_F,151.47
2026-04-19T08:00:00+00:00,OHT.TEMP_F,149.82
2026-04-19T09:00:00+00:00,OHT.TEMP_F,148.91
2026-04-19T10:00:00+00:00,OHT.TEMP_F,148.73
2026-04-19T11:00:00+00:00,OHT.TEMP_F,152.75
2026-04-19T12:00:00+00:00,OHT.TEMP_F,154.62
2026-04-19T13:00:00+00:00,OHT.TEMP_F,150.87
2026-04-19T14:00:00+00:00,OHT.TEMP_F,152.12
2026-04-19T15:00:00+00:00,OHT.TEMP_F,150.98
2026-04-19T16:00:00+00:00,OHT.TEMP_F,152.25
2026-04-19T17:00:00+00:00,OHT.TEMP_F,148.87
2026-04-19T18:00:00+00:00,OHT.TEMP_F,148.86
2026-04-19T19:00:00+00:00,OHT.TEMP_F,149.23
2026-04-19T20:00:00+00:00,OHT.TEMP_F,148.06
2026-04-19T21:00:00+00:00,OHT.TEMP_F,148.63
2026-04-19T22:00:00+00:00,OHT.TEMP_F,147.11
2026-04-19T23:00:00+00:00,OHT.TEMP_F,145.63
2026-04-20T00:00:00+00:00,OHT.TEMP_F,143.96
2026-04-20T01:00:00+00:00,OHT.TEMP_F,144.43
2026-04-20T02:00:00+00:00,OHT.TEMP_F,143.47
2026-04-20T03:00:00+00:00,OHT.TEMP_F,143.78
2026-04-20T04:00:00+00:00,OHT.TEMP_F,139.92
2026-04-20T05:00:00+00:00,OHT.TEMP_F,142.48
2026-04-20T06:00:00+00:00,OHT.TEMP_F,138.2
2026-04-20T07:00:00+00:00,OHT.TEMP_F,141.44
2026-04-20T08:00:00+00:00,OHT.TEMP_F,138.9
2026-04-20T09:00:00+00:00,OHT.TEMP_F,138.28
2026-04-20T10:00:00+00:00,OHT.TEMP_F,140.94
2026-04-20T11:00:00+00:00,OHT.TEMP_F,141.49
2026-04-20T12:00:00+00:00,OHT.TEMP_F,140.28
2026-04-20T13:00:00+00:00,OHT.TEMP_F,137.98
2026-04-20T14:00:00+00:00,OHT.TEMP_F,138.59
2026-04-20T15:00:00+00:00,OHT.TEMP_F,139.92
2026-04-20T16:00:00+00:00,OHT.TEMP_F,140.0
2026-04-20T17:00:00+00:00,OHT.TEMP_F,140.4
2026-04-20T18:00:00+00:00,OHT.TEMP_F,138.55
2026-04-20T19:00:00+00:00,OHT.TEMP_F,141.97
2026-04-20T20:00:00+00:00,OHT.TEMP_F,143.55
2026-04-20T21:00:00+00:00,OHT.TEMP_F,140.51
2026-04-20T22:00:00+00:00,OHT.TEMP_F,143.93
2026-04-20T23:00:00+00:00,OHT.TEMP_F,147.42
2026-04-21T00:00:00+00:00,OHT.TEMP_F,147.87
2026-04-21T01:00:00+00:00,OHT.TEMP_F,144.48
2026-04-21T02:00:00+00:00,OHT.TEMP_F,148.91
2026-04-21T03:00:00+00:00,OHT.TEMP_F,146.55
2026-04-21T04:00:00+00:00,OHT.TEMP_F,146.2
2026-04-21T05:00:00+00:00,OHT.TEMP_F,148.96
2026-04-21T06:00:00+00:00,OHT.TEMP_F,150.92
2026-04-21T07:00:00+00:00,OHT.TEMP_F,147.86
2026-04-21T08:00:00+00:00,OHT.TEMP_F,149.99
2026-04-21T09:00:00+00:00,OHT.TEMP_F,152.79
2026-04-21T10:00:00+00:00,OHT.TEMP_F,153.19
2026-04-21T11:00:00+00:00,OHT.TEMP_F,152.89
2026-04-21T12:00:00+00:00,OHT.TEMP_F,152.61
2026-04-21T13:00:00+00:00,OHT.TEMP_F,152.19
2026-04-21T14:00:00+00:00,OHT.TEMP_F,152.71
2026-04-21T15:00:00+00:00,OHT.TEMP_F,149.89
2026-04-21T16:00:00+00:00,OHT.TEMP_F,151.33
2026-04-21T17:00:00+00:00,OHT.TEMP_F,148.98
2026-04-21T18:00:00+00:00,OHT.TEMP_F,150.22
2026-04-21T19:00:00+00:00,OHT.TEMP_F,147.8
2026-04-21T20:00:00+00:00,OHT.TEMP_F,147.83
2026-04-21T21:00:00+00:00,OHT.TEMP_F,148.37
2026-04-21T22:00:00+00:00,OHT.TEMP_F,142.46
2026-04-21T23:00:00+00:00,OHT.TEMP_F,146.43
2026-04-22T00:00:00+00:00,OHT.TEMP_F,147.96
2026-04-22T01:00:00+00:00,OHT.TEMP_F,145.02
2026-04-22T02:00:00+00:00,OHT.TEMP_F,145.37
2026-04-22T03:00:00+00:00,OHT.TEMP_F,145.5
2026-04-22T04:00:00+00:00,OHT.TEMP_F,142.45
2026-04-22T05:00:00+00:00,OHT.TEMP_F,139.54
2026-04-22T06:00:00+00:00,OHT.TEMP_F,139.28
2026-04-22T07:00:00+00:00,OHT.TEMP_F,140.06
2026-04-22T08:00:00+00:00,OHT.TEMP_F,137.65
2026-04-22T09:00:00+00:00,OHT.TEMP_F,139.63
2026-04-22T10:00:00+00:00,OHT.TEMP_F,139.91
2026-04-22T11:00:00+00:00,OHT.TEMP_F,139.56
2026-04-22T12:00:00+00:00,OHT.TEMP_F,136.63
2026-04-22T13:00:00+00:00,OHT.TEMP_F,140.72
2026-04-22T14:00:00+00:00,OHT.TEMP_F,137.9
2026-04-22T15:00:00+00:00,OHT.TEMP_F,141.65
2026-04-22T16:00:00+00:00,OHT.TEMP_F,139.09
2026-04-22T17:00:00+00:00,OHT.TEMP_F,142.19
2026-04-22T18:00:00+00:00,OHT.TEMP_F,139.97
2026-04-22T19:00:00+00:00,OHT.TEMP_F,144.74
2026-04-22T20:00:00+00:00,OHT.TEMP_F,142.1
2026-04-22T21:00:00+00:00,OHT.TEMP_F,142.92
2026-04-22T22:00:00+00:00,OHT.TEMP_F,146.56
2026-04-22T23:00:00+00:00,OHT.TEMP_F,145.97
2026-04-23T00:00:00+00:00,OHT.TEMP_F,144.91
2026-04-23T01:00:00+00:00,OHT.TEMP_F,146.17
2026-04-23T02:00:00+00:00,OHT.TEMP_F,146.01
2026-04-23T03:00:00+00:00,OHT.TEMP_F,148.86
2026-04-23T04:00:00+00:00,OHT.TEMP_F,148.58
2026-04-23T05:00:00+00:00,OHT.TEMP_F,148.2
2026-04-23T06:00:00+00:00,OHT.TEMP_F,150.32
2026-04-23T07:00:00+00:00,OHT.TEMP_F,153.62
2026-04-23T08:00:00+00:00,OHT.TEMP_F,149.68
2026-04-23T09:00:00+00:00,OHT.TEMP_F,152.12
2026-04-23T10:00:00+00:00,OHT.TEMP_F,150.79
2026-04-23T11:00:00+00:00,OHT.TEMP_F,152.6
2026-04-23T12:00:00+00:00,OHT.TEMP_F,149.69
2026-04-23T13:00:00+00:00,OHT.TEMP_F,150.31
2026-04-23T14:00:00+00:00,OHT.TEMP_F,151.44
2026-04-23T15:00:00+00:00,OHT.TEMP_F,151.99
2026-04-23T16:00:00+00:00,OHT.TEMP_F,148.87
2026-04-23T17:00:00+00:00,OHT.TEMP_F,148.61
2026-04-23T18:00:00+00:00,OHT.TEMP_F,149.99
2026-04-23T19:00:00+00:00,OHT.TEMP_F,150.13
2026-04-23T20:00:00+00:00,OHT.TEMP_F,148.4
2026-04-23T21:00:00+00:00,OHT.TEMP_F,149.57
2026-04-23T22:00:00+00:00,OHT.TEMP_F,146.97
2026-04-23T23:00:00+00:00,OHT.TEMP_F,145.74
2026-04-24T00:00:00+00:00,OHT.TEMP_F,145.05
2026-04-24T01:00:00+00:00,OHT.TEMP_F,144.09
2026-04-24T02:00:00+00:00,OHT.TEMP_F,147.97
2026-04-24T03:00:00+00:00,OHT.TEMP_F,143.46
2026-04-24T04:00:00+00:00,OHT.TEMP_F,141.85
2026-04-24T05:00:00+00:00,OHT.TEMP_F,140.18
2026-04-24T06:00:00+00:00,OHT.TEMP_F,141.69
2026-04-24T07:00:00+00:00,OHT.TEMP_F,141.23
2026-04-24T08:00:00+00:00,OHT.TEMP_F,141.77
2026-04-24T09:00:00+00:00,OHT.TEMP_F,138.96
2026-04-24T10:00:00+00:00,OHT.TEMP_F,140.91
2026-04-24T11:00:00+00:00,OHT.TEMP_F,138.54
2026-04-24T12:00:00+00:00,OHT.TEMP_F,139.51
2026-04-24T13:00:00+00:00,OHT.TEMP_F,139.91
2026-04-24T14:00:00+00:00,OHT.TEMP_F,137.16
2026-04-24T15:00:00+00:00,OHT.TEMP_F,140.39
2026-04-24T16:00:00+00:00,OHT.TEMP_F,140.79
2026-04-24T17:00:00+00:00,OHT.TEMP_F,137.59
2026-04-24T18:00:00+00:00,OHT.TEMP_F,139.65
2026-04-24T19:00:00+00:00,OHT.TEMP_F,142.35
2026-04-24T20:00:00+00:00,OHT.TEMP_F,139.18
2026-04-24T21:00:00+00:00,OHT.TEMP_F,142.98
2026-04-24T22:00:00+00:00,OHT.TEMP_F,144.04
2026-04-24T23:00:00+00:00,OHT.TEMP_F,145.76
2026-04-25T00:00:00+00:00,OHT.TEMP_F,143.46
2026-04-25T01:00:00+00:00,OHT.TEMP_F,146.2
2026-04-25T02:00:00+00:00,OHT.TEMP_F,145.49
2026-04-25T03:00:00+00:00,OHT.TEMP_F,145.02
2026-04-25T04:00:00+00:00,OHT.TEMP_F,146.76
2026-04-25T05:00:00+00:00,OHT.TEMP_F,149.33
2026-04-25T06:00:00+00:00,OHT.TEMP_F,149.0
2026-04-25T07:00:00+00:00,OHT.TEMP_F,149.8
2026-04-25T08:00:00+00:00,OHT.TEMP_F,150.24
2026-04-25T09:00:00+00:00,OHT.TEMP_F,148.95
2026-04-25T10:00:00+00:00,OHT.TEMP_F,151.35
2026-04-25T11:00:00+00:00,OHT.TEMP_F,151.46
2026-04-25T12:00:00+00:00,OHT.TEMP_F,152.71
2026-04-25T13:00:00+00:00,OHT.TEMP_F,152.8
2026-04-25T14:00:00+00:00,OHT.TEMP_F,148.74
2026-04-25T15:00:00+00:00,OHT.TEMP_F,151.41
2026-04-25T16:00:00+00:00,OHT.TEMP_F,150.15
2026-04-25T17:00:00+00:00,OHT.TEMP_F,147.82
2026-04-25T18:00:00+00:00,OHT.TEMP_F,149.19
2026-04-25T19:00:00+00:00,OHT.TEMP_F,147.29
2026-04-25T20:00:00+00:00,OHT.TEMP_F,147.75
2026-04-25T21:00:00+00:00,OHT.TEMP_F,144.46
2026-04-25T22:00:00+00:00,OHT.TEMP_F,146.52
2026-04-25T23:00:00+00:00,OHT.TEMP_F,143.32
2026-04-26T00:00:00+00:00,OHT.TEMP_F,146.04
2026-04-26T00:00:00+00:00,OHT.TEMP_F,146.04
2026-04-26T01:00:00+00:00,OHT.TEMP_F,144.46
2026-04-26T02:00:00+00:00,OHT.TEMP_F,144.1
2026-04-26T03:00:00+00:00,OHT.TEMP_F,142.4
2026-04-26T04:00:00+00:00,OHT.TEMP_F,141.77
2026-04-26T05:00:00+00:00,OHT.TEMP_F,144.0
2026-04-26T06:00:00+00:00,OHT.TEMP_F,140.3
2026-04-26T07:00:00+00:00,OHT.TEMP_F,139.55
2026-04-26T08:00:00+00:00,OHT.TEMP_F,138.46
2026-04-26T09:00:00+00:00,OHT.TEMP_F,139.8
2026-04-26T10:00:00+00:00,OHT.TEMP_F,139.39
2026-04-26T11:00:00+00:00,OHT.TEMP_F,139.67
2026-04-26T12:00:00+00:00,OHT.TEMP_F,140.14
2026-04-26T13:00:00+00:00,OHT.TEMP_F,139.35
2026-04-26T14:00:00+00:00,OHT.TEMP_F,139.48
2026-04-26T15:00:00+00:00,OHT.TEMP_F,137.44
2026-04-26T16:00:00+00:00,OHT.TEMP_F,140.16
2026-04-26T17:00:00+00:00,OHT.TEMP_F,141.99
2026-04-26T18:00:00+00:00,OHT.TEMP_F,141.7
2026-04-26T19:00:00+00:00,OHT.TEMP_F,140.75
2026-04-26T20:00:00+00:00,OHT.TEMP_F,142.81
2026-04-26T21:00:00+00:00,OHT.TEMP_F,141.64
2026-04-26T22:00:00+00:00,OHT.TEMP_F,142.23
2026-04-26T23:00:00+00:00,OHT.TEMP_F,142.21
2026-04-27T00:00:00+00:00,OHT.TEMP_F,145.25
2026-04-27T01:00:00+00:00,OHT.TEMP_F,145.94
2026-04-27T02:00:00+00:00,OHT.TEMP_F,145.81
2026-04-27T03:00:00+00:00,OHT.TEMP_F,148.45
2026-04-27T04:00:00+00:00,OHT.TEMP_F,148.31
2026-04-27T05:00:00+00:00,OHT.TEMP_F,147.88
2026-04-27T06:00:00+00:00,OHT.TEMP_F,149.27
2026-04-27T07:00:00+00:00,OHT.TEMP_F,148.79
2026-04-27T08:00:00+00:00,OHT.TEMP_F,150.56
2026-04-27T09:00:00+00:00,OHT.TEMP_F,151.87
2026-04-27T10:00:00+00:00,OHT.TEMP_F,150.29
2026-04-27T11:00:00+00:00,OHT.TEMP_F,150.14
2026-04-27T12:00:00+00:00,OHT.TEMP_F,151.84
2026-04-27T13:00:00+00:00,OHT.TEMP_F,150.54
2026-04-27T14:00:00+00:00,OHT.TEMP_F,149.12
2026-04-27T15:00:00+00:00,OHT.TEMP_F,150.01
2026-04-27T16:00:00+00:00,OHT.TEMP_F,151.2
2026-04-27T17:00:00+00:00,OHT.TEMP_F,149.92
2026-04-27T18:00:00+00:00,OHT.TEMP_F,147.78
2026-04-27T19:00:00+00:00,OHT.TEMP_F,149.21
2026-04-27T20:00:00+00:00,OHT.TEMP_F,148.42
2026-04-27T21:00:00+00:00,OHT.TEMP_F,146.7
2026-04-27T22:00:00+00:00,OHT.TEMP_F,148.52
2026-04-27T23:00:00+00:00,OHT.TEMP_F,146.24
2026-04-28T00:00:00+00:00,OHT.TEMP_F,145.6
2026-04-28T01:00:00+00:00,OHT.TEMP_F,143.25
2026-04-28T02:00:00+00:00,OHT.TEMP_F,142.0
2026-04-28T03:00:00+00:00,OHT.TEMP_F,142.0
2026-04-28T04:00:00+00:00,OHT.TEMP_F,142.0
2026-04-28T05:00:00+00:00,OHT.TEMP_F,142.0
2026-04-28T06:00:00+00:00,OHT.TEMP_F,142.0
2026-04-28T07:00:00+00:00,OHT.TEMP_F,142.0
2026-04-28T08:00:00+00:00,OHT.TEMP_F,142.0
2026-04-28T09:00:00+00:00,OHT.TEMP_F,142.0
2026-04-28T10:00:00+00:00,OHT.TEMP_F,142.0
2026-04-28T11:00:00+00:00,OHT.TEMP_F,142.0
2026-04-28T12:00:00+00:00,OHT.TEMP_F,142.0
2026-04-28T13:00:00+00:00,OHT.TEMP_F,142.0
2026-04-28T14:00:00+00:00,OHT.TEMP_F,142.0
2026-04-28T15:00:00+00:00,OHT.TEMP_F,142.0
2026-04-28T16:00:00+00:00,OHT.TEMP_F,142.0
2026-04-28T17:00:00+00:00,OHT.TEMP_F,142.0
2026-04-28T18:00:00+00:00,OHT.TEMP_F,142.0
2026-04-28T19:00:00+00:00,OHT.TEMP_F,142.0
2026-04-28T20:00:00+00:00,OHT.TEMP_F,142.0
2026-04-28T21:00:00+00:00,OHT.TEMP_F,142.0
2026-04-28T22:00:00+00:00,OHT.TEMP_F,142.0
2026-04-28T23:00:00+00:00,OHT.TEMP_F,146.15
2026-04-29T00:00:00+00:00,OHT.TEMP_F,146.19
2026-04-29T01:00:00+00:00,OHT.TEMP_F,144.9
2026-04-29T02:00:00+00:00,OHT.TEMP_F,146.12
2026-04-29T03:00:00+00:00,OHT.TEMP_F,148.04
2026-04-29T04:00:00+00:00,OHT.TEMP_F,146.9
2026-04-29T05:00:00+00:00,OHT.TEMP_F,149.8
2026-04-29T06:00:00+00:00,OHT.TEMP_F,146.89
2026-04-29T07:00:00+00:00,OHT.TEMP_F,146.76
2026-04-29T08:00:00+00:00,OHT.TEMP_F,153.46
2026-04-29T09:00:00+00:00,OHT.TEMP_F,152.67
2026-04-29T10:00:00+00:00,OHT.TEMP_F,150.48
2026-04-29T11:00:00+00:00,OHT.TEMP_F,151.83
2026-04-29T12:00:00+00:00,OHT.TEMP_F,151.07
2026-04-29T13:00:00+00:00,OHT.TEMP_F,152.3
2026-04-29T14:00:00+00:00,OHT.TEMP_F,149.73
2026-04-29T15:00:00+00:00,OHT.TEMP_F,150.67
2026-04-29T16:00:00+00:00,OHT.TEMP_F,152.04
2026-04-29T17:00:00+00:00,OHT.TEMP_F,147.68
2026-04-29T18:00:00+00:00,OHT.TEMP_F,146.73
2026-04-29T19:00:00+00:00,OHT.TEMP_F,149.9
2026-04-29T20:00:00+00:00,OHT.TEMP_F,147.87
2026-04-29T21:00:00+00:00,OHT.TEMP_F,146.32
2026-04-29T22:00:00+00:00,OHT.TEMP_F,146.63
2026-04-29T23:00:00+00:00,OHT.TEMP_F,145.82
2026-04-30T00:00:00+00:00,OHT.TEMP_F,146.79
2026-04-30T01:00:00+00:00,OHT.TEMP_F,142.88
2026-04-30T02:00:00+00:00,OHT.TEMP_F,144.27
2026-04-30T03:00:00+00:00,OHT.TEMP_F,142.75
2026-04-30T04:00:00+00:00,OHT.TEMP_F,143.69
2026-04-30T05:00:00+00:00,OHT.TEMP_F,140.15
2026-04-30T06:00:00+00:00,OHT.TEMP_F,140.7
2026-04-30T07:00:00+00:00,OHT.TEMP_F,141.29
2026-04-30T08:00:00+00:00,OHT.TEMP_F,140.14
2026-04-30T09:00:00+00:00,OHT.TEMP_F,139.76
2026-04-30T10:00:00+00:00,OHT.TEMP_F,137.74
2026-04-30T11:00:00+00:00,OHT.TEMP_F,138.17
2026-04-30T12:00:00+00:00,OHT.TEMP_F,137.97
2026-04-30T13:00:00+00:00,OHT.TEMP_F,141.32
2026-04-30T14:00:00+00:00,OHT.TEMP_F,137.76
2026-04-30T15:00:00+00:00,OHT.TEMP_F,138.14
2026-04-30T16:00:00+00:00,OHT.TEMP_F,141.6
2026-04-30T17:00:00+00:00,OHT.TEMP_F,142.38
2026-04-30T18:00:00+00:00,OHT.TEMP_F,138.3
2026-04-30T19:00:00+00:00,OHT.TEMP_F,140.37
2026-04-30T20:00:00+00:00,OHT.TEMP_F,140.1
2026-04-30T21:00:00+00:00,OHT.TEMP_F,142.64
2026-04-30T22:00:00+00:00,OHT.TEMP_F,142.92
2026-04-30T23:00:00+00:00,OHT.TEMP_F,92.92
